plcy_no,name,lclsf,category,keyword,region,sub_region,source,source_url,ref_url2,raw_text,amount,deadline,registered_at,last_modified_at,collected_at,aply_prd_type,biz_prd_type,biz_start_ymd,biz_end_ymd,biz_prd_etc,age_min,age_max,age_limit_yn,earn_cnd,earn_min_amt,earn_max_amt,earn_etc,mrg_stts,job,school,major,special_target,pvmthd,pvmthd_group,sprt_scl_cnt,sprt_scl_lmt_yn,sprt_arvl_seq_yn,add_qlfc,exclude_target,apply_method,select_method,submit_docs,etc_matter,sprvsn_inst_nm,oper_inst_nm,rgtr_inst_nm,zip_cd,inq_cnt,aprvl_stts
11546,라탄 공예 클래스,교육문화,,,경기도,화성시,경기청년포털(시군),https://youth.gg.go.kr/gg/info/archive-policy-search-map.do?mode=view&arcNo=11546,https://form.naver.com/response/u5-Sn2IkHDzTW44MC8u5Xw,화성시 거주 또는 생활권이 있는 청년 (19~39세) 등나무를 가공한 라탄환심으로 '라탄전등갓' 만들기 만드는 사람에 따라 각각 다르게 모양이 나오는 라탄 공예 제품을 만들어 보는 클래스입니다. 나만의 매력있는 전등갓을 만들어 보아요 :),,2026. 7.14.~ 7. 28.,,,2026-07-20,,,,,,19,39,,,,,,,,,,,,지자체,,,,화성시 거주 또는 생활권이 있는 청년 (19~39세),,온라인 신청(네이버폼) 바로가기,,,,,,,,,
11545,업사이클 워크숍_키링&파우치 만들기,일자리,,,경기도,광명시,경기청년포털(시군),https://youth.gg.go.kr/gg/info/archive-policy-search-map.do?mode=view&arcNo=11545,https://gmyouthstorage.org/program/apply.php?pmode=view&idx=90&st=&sk=&offset=,"만 39세 이하 청년 ✅ 이런 분들에게 추천합니다 - 업사이클링과 자원순환에 관심 있는 청년 - 폐현수막을 활용한 소품 제작이 궁금한 청년 - 나만의 키링과 파우치를 직접 만들어보고 싶은 청년 - 환경, 디자인, 공예, 창업 아이템에 관심 있는 청년 - 취·창업 아이디어를 새로운 관점에서 탐색해보고 싶은 청년 행운을 가져다주는 키링 & 파우치 만들기 - 폐현수막을 활용해 취·창업 청년들을 위한 키링과 파우치 제작",,2026. 7.20.~ 7. 27.,,,2026-07-20,,,,,,,,,,,,,,,,,,,지자체,,,,"만 39세 이하 청년 ✅ 이런 분들에게 추천합니다 - 업사이클링과 자원순환에 관심 있는 청년 - 폐현수막을 활용한 소품 제작이 궁금한 청년 - 나만의 키링과 파우치를 직접 만들어보고 싶은 청년 - 환경, 디자인, 공예, 창업 아이템에 관심 있는 청년 - 취·창업 아이디어를 새로운 관점에서 탐색해보고 싶은 청년",,온라인 신청 바로가기,,,,,,,,,
11544,나의 마음을 청소중 집단 프로그램 2차 참여자 모집,교육문화,,,경기도,안산시,경기청년포털(시군),https://youth.gg.go.kr/gg/info/archive-policy-search-map.do?mode=view&arcNo=11544,https://www.ansanacc.or.kr/sub.php?menukey=30&mode=view&idx=116,"중학생 ~ 만 24세 청소년 (중독에 관심 있는 청소년, 중독 문제로 어려움을 겪고 있는 청소년) 20명 중독 척도 사전 & 사후 검사, 중독 예방 교육, 활동형 프로그램 총 10회기 과정으로 중독문제 뿐만아닌 정신적으로 건강한 청소년으로 성장할 수 있도록 지원 - 프로그램 수료 완료시 소정의 상품 및 수료증 제공 - 저녁 식사 제공 ※ 필요시 개인별 상담 진행",,2026. 7.1.~ 7. 23.,,,2026-07-20,,,,,,,,,,,,,,,,,,,지자체,,,,"중학생 ~ 만 24세 청소년 (중독에 관심 있는 청소년, 중독 문제로 어려움을 겪고 있는 청소년) 20명",,온라인 신청 바로가기,,,,,,,,,
11543,청년강사양성 <테스트런 프로젝트>,일자리,,,경기도,안양시,경기청년포털(시군),https://youth.gg.go.kr/gg/info/archive-policy-search-map.do?mode=view&arcNo=11543,https://docs.google.com/forms/d/e/1FAIpQLSdz27OY-UoaeumFkwKYQ2jVqh58k51wP2suj4igrN1tKCrMUw/viewform,"만 19~39세 청년 *안양시 거주 및 활동 청년 우대 12명 ✔나의 가치관을 직업과 연결하고 싶은 사람 ✔ 진로 탐색에 AI를 활용하고 싶은 사람 ✔ 진로 방향이나 취업 준비가 막막한 사람 1️⃣ 직업 가치관 TOP3 찾기 카드 교구를 통해 나만의 직업 가치관 알아보기 2️⃣ 1줄 비전 사명서 작성하기 워크시트를 통해 직무, 직업 키워드 작성하고 나누기 3️⃣ 퀴즈 게임 AI시대, 새로운 직업은? 4️⃣ AI 비전보드 만들기 챗GPT 통해 나만의 비전보드 만들고 나누기 5️⃣ 마무리 소감 나누기 및 Q&A, 만족도 조사",,2026. 7.20.~ 7. 29.,,,2026-07-20,,,,,,19,39,,,,,,,,,,,,지자체,,,,만 19~39세 청년 *안양시 거주 및 활동 청년 우대 12명 ✔나의 가치관을 직업과 연결하고 싶은 사람 ✔ 진로 탐색에 AI를 활용하고 싶은 사람 ✔ 진로 방향이나 취업 준비가 막막한 사람,,온라인 신청(구글폼) 바로가기,,,,,,,,,
11542,주거교육 참가자 모집,주거,,,경기도,성남시,경기청년포털(시군),https://youth.gg.go.kr/gg/info/archive-policy-search-map.do?mode=view&arcNo=11542,https://form.naver.com/response/HIEC9Wx4xmd,"주거 관련, 임대차 계약, 전세 사기, 주거 형태, 경매에 관심있는 성남시 모든 청년! 주거 관련 상식, 임대차 계약, 전세사기 예방, 주거형태, 경매 등",,2026. 7.10.~ 7. 24.,,,2026-07-20,,,,,,,,,,,,,,,,,,,지자체,,,,"주거 관련, 임대차 계약, 전세 사기, 주거 형태, 경매에 관심있는 성남시 모든 청년!",,온라인 신청(네이버폼) 바로가기,,,,,,,,,
11541,청소년 청년 참여예산제 참가자 모집,교육문화,,,경기도,성남시,경기청년포털(시군),https://youth.gg.go.kr/gg/info/archive-policy-search-map.do?mode=view&arcNo=11541,https://snspring.or.kr/programView.do?idx=875&searchCategory=%ED%95%B4%EB%B4%84,"성남시 거주·재학·재직·활동 중인 청소년·청년 혹은 3인 이상으로 구성된 팀 - 개인 또는 단체(청, 동아리, 자치기구 등) 모두 가능 제안 주제와 자율 주제 중 택 1 제안 주제(학교폭력 예방) 사업은 가산점 10점 부여! 자율 주제(진로/교류/문화/창의/봉사/권리지킴 등) 지역사회에 필요한 사업 또는 시현유스센터에서 운영해주었으면 하는 사업",,2026. 7.6.~ 7. 24.,,,2026-07-20,,,,,,,,,,,,,,,,,,,지자체,,,,"성남시 거주·재학·재직·활동 중인 청소년·청년 혹은 3인 이상으로 구성된 팀 - 개인 또는 단체(청, 동아리, 자치기구 등) 모두 가능",,이메일 접수 | 99339515@snyouth.or.kr 바로가기,,,,,,,,,
11539,ITQ 교육과정 참여자 모집,일자리,,,경기도,포천시,경기청년포털(시군),https://youth.gg.go.kr/gg/info/archive-policy-search-map.do?mode=view&arcNo=11539,,"포천시 거주 구직자 ITQ(한글,엑셀,파워포인트) 시험은 과학기술정보통신부에서 인증하는 국가공인 민간자격으로, 한국생산성본부(KPC)에서 주관합니다. 낙방 제도가 있는 일반 자격증과는 달리, 시험 결과에 따라 점수별로 등급(A~C등급)이 부여되는 구조입니다. 서로 다른 3개 과목에서 모두 A등급을 취득하면 한국생산성본부에서 발급하는 최고 등급인 'ITQ OA Master' 자격증을 추가로 신청할 수 있습니다.",,2026. 7.20.~ 7. 29.,,,2026-07-20,,,,,,,,,,,,,,,,,,,지자체,,,,포천시 거주 구직자,,방문신청 | 포천일자리센터,,,,,,,,,
11538,가죽팔찌 원데이 클래스,일자리,,,경기도,김포시,경기청년포털(시군),https://youth.gg.go.kr/gg/info/archive-policy-search-map.do?mode=view&arcNo=11538,https://gimpo.gseek.kr/user/course/offline/view?s_sbjct_sn=61599&s_sbjct_cycl_sn=1,"○ 현재 19세 이상 39세 이하이고, 아래의 각 항에 하나 이상 해당하며 취업·창업에 관심 있는 청년 ○ 김포시에 주소를 두고 있는 청년 ○ 김포시에서 활동하는 직장인, 사업가, 창업가, 대학생 시간이 흐를수록 사용자의 손길과 땀방울이 배어들어 더 깊고 멋스러운 색감으로 변해가는 것, 바로 가죽(Leather)의 매력입니다. ""가죽공예는 도구도 많고 초보자가 하기엔 너무 어렵지 않나요?"" 걱정하지 마세요! 이번 클래스는 가죽공예를 한 번도 접해보지 않은 분들을 위해 기획된 실전 원데이 코스입니다. 가죽을 활용해 재단부터 마감까지 가죽공예의 전 과정을 압축적으로 경험해 볼 수 있습니다.",,2026. 7.6.~ 7. 29.,,,2026-07-20,,,,,,,,,,,,,,,,,,,지자체,,,,"○ 현재 19세 이상 39세 이하이고, 아래의 각 항에 하나 이상 해당하며 취업·창업에 관심 있는 청년 ○ 김포시에 주소를 두고 있는 청년 ○ 김포시에서 활동하는 직장인, 사업가, 창업가, 대학생",,온라인 신청 바로가기,,,,,,,,,
11537,청년1인가구 개인형 창고지원사업 참여자 모집,,,,경기도,평택시,경기청년포털(시군),https://youth.gg.go.kr/gg/info/archive-policy-search-map.do?mode=view&arcNo=11537,https://docs.google.com/forms/d/e/1FAIpQLScRI8EFVEx_ySvdf5nudUkR6XY2eQdVfiCR6GqV_b732aPOcw/viewform,19세 ~ 39세 평택시에 생활기반을 둔 1인가구 청년 7명 📦 창고 정보 - 크기: 지제점 외 M(중형) / 1.0 X 1.0 X 2.4M 지제점 M(중형) / 1.0 X 1.0 X 2.0M - 형태: 개별 스토리지 공간 - 보관기간: 2026년 08월 01일 (토) ~ 12월 31일 (목),,2026. 7.1.~ 7. 29.,,,2026-07-20,,,,,,19,39,,,,,,,,,,,,지자체,,,,19세 ~ 39세 평택시에 생활기반을 둔 1인가구 청년 7명,,온라인 신청(구글폼) 바로가기,,,,,,,,,
11535,마음동행 하반기(2기),일자리,,,경기도,광주시,경기청년포털(시군),https://youth.gg.go.kr/gg/info/archive-policy-search-map.do?mode=view&arcNo=11535,https://www.gj-youth.or.kr/bbs/board.php?bo_table=table41&wr_id=600,"① 광주시 청년(거주·재직·재학·활동) 19세~39세 중 최근 6개월간 취업 및 교육·직업 훈련 참여 이력이 없고, 구직단념청년 문답표 21점 이상인 청년 ② 광주시 자립준비청년(보호종료 청소년) ※ ①, ② 중 1개 이상 해당 시 지원 가능 2026년 마음동행 하반기(2기) 프로그램 <이해 · 관계 · 성장동행> 교육",,2026. 7.6.~ 7. 26.,,,2026-07-20,,,,,,19,39,,,,,,,,,,,,지자체,,,,"① 광주시 청년(거주·재직·재학·활동) 19세~39세 중 최근 6개월간 취업 및 교육·직업 훈련 참여 이력이 없고, 구직단념청년 문답표 21점 이상인 청년 ② 광주시 자립준비청년(보호종료 청소년) ※ ①, ② 중 1개 이상 해당 시 지원 가능",,온라인 신청 바로가기,,,,,,,,,
11534,사회연대경제 청년 일경험 시범사업 참여청년 모집,일자리,,,경기도,수원시,경기청년포털(시군),https://youth.gg.go.kr/gg/info/archive-policy-search-map.do?mode=view&arcNo=11534,https://www.work24.go.kr/cm/main.do,"청년(19세~39세) 미취업자 관내 사회연대경제 조직에서의 현장 직무경험, 직무교육, 멘토링 등",,2026. 7.17.~ 7. 27.,,,2026-07-20,,,,,,19,39,,,,,,,,,,,,지자체,,,,청년(19세~39세) 미취업자,,온라인 신청 | 고용24 바로가기,,,,,,,,,
11533,퇴근 후 짐COK 필라테스 2차 모집,,,,경기도,평택시,경기청년포털(시군),https://youth.gg.go.kr/gg/info/archive-policy-search-map.do?mode=view&arcNo=11533,https://docs.google.com/forms/d/e/1FAIpQLSdr93SXio3uwbVqCqw4wjmJzmJPYBFNXcD8zPQgSxDtPs2eTg/viewform,"(19~39세 이하)의 평택시 생활권 청년 누구나 ※ 총 4회 수업 중 70% 이상 참여 가능자 ※ 초급반 10명 , 중급반 10명 (총 20명) 📌 2026년 SPOT 퇴근 후 GYMCOK 필라테스 2차 참여자 모집 바쁜 일상 속, 나를 위한 건강한 시간 💪 SPOT GYMCOK 필라테스 2차 참여자를 모집합니다!",,2026. 7.1.~ 7. 26.,,,2026-07-20,,,,,,19,39,,,,,,,,,,,,지자체,,,,"(19~39세 이하)의 평택시 생활권 청년 누구나 ※ 총 4회 수업 중 70% 이상 참여 가능자 ※ 초급반 10명 , 중급반 10명 (총 20명)",,온라인 신청(구글폼) 바로가기,,,,,,,,,
11532,라이프랩 참여팀 2차 모집,,,,경기도,구리시,경기청년포털(시군),https://youth.gg.go.kr/gg/info/archive-policy-search-map.do?mode=view&arcNo=11532,https://forms.gle/oKtfHsbEAPMekYHo6,19세 ~ 39세 이하 청년 [메인메뉴 : 가지 롤 라자냐] [사이드메뉴 : 여름샐러드] 1. 라이프스타트 : 미션지와 온누리상품권을 받고 전통시장에서 직접 장보기 - 미션지 받고 장보기 - 온누리상품권으로 식재료 구매 - 제철 식재료 탐색 - 구매 재료 기록 2. 키친랩: 시장에서 구매한 식재료로 직접 요리 실습 - 구매 식재료 활용 - 제철요리 실습 - 식재료 손질·보관법 - 완성 메뉴 SNS 기록,,2026. 7.16.~ 7. 24.,,,2026-07-20,,,,,,19,39,,,,,,,,,,,,지자체,,,,19세 ~ 39세 이하 청년,,온라인 신청(구글폼) 바로가기,,,,,,,,,
11531,비행지구에 놀러온 송이·율이를 찾아라!,,,,경기도,과천시,경기청년포털(시군),https://youth.gg.go.kr/gg/info/archive-policy-search-map.do?mode=view&arcNo=11531,https://docs.google.com/forms/d/e/1FAIpQLSf4n3aLMlhsB05cbDfB8cNyOPLwcszk3ODP81WmXveygMmHMg/viewform,"비행지구 방문 청년 누구나 (1986~2007년생) 👀 비행지구를 구석구석 탐험하는 재미! 책상 모서리, 기둥, 의자 뒤, 책장… 공간 곳곳에 숨어 있는 송이와 율이를 찾아보세요! 평소에는 그냥 지나쳤던 공간도 이번 기회에 새롭게 발견하는 재미를 느낄 수 있습니다😊",,2026. 7.8.~ 7. 25.,,,2026-07-20,,,,,,,,,,,,,,,,,,,지자체,,,,비행지구 방문 청년 누구나 (1986~2007년생),,1) 비행지구 인스타그램 팔로우 2) 이벤트 게시물을 스토리로 공유(@비행지구 계정 태그 필수) 3) 비행지구에 숨어 있는 송이·율이(총 6개) 모두 찾아 사진 촬영 4) 프로필 링크(링크트리) 접속 후 구글폼 제출 구글폼 바로가기,,,,,,,,,
11530,사회적 고립청년 지원사업 「1:1 동행프로그램」참여자 모집(2차),교육문화,,,경기도,용인시,경기청년포털(시군),https://youth.gg.go.kr/gg/info/archive-policy-search-map.do?mode=view&arcNo=11530,https://docs.google.com/forms/d/e/1FAIpQLSeyaQDsxH-1AU5SJVsMrvDdLLAd4xDvl0MvUkpgguxa7EJAvQ/viewform,"용인시 거주 중이며 사회적 고립상태로 어려움을 겪고 있는 청년 (18~39세) 20명 ※ 1986. 1. 1. ∼ 2008. 12. 31. 출생, 선정이후 주소확인용 초본 제출 [상담 - 초기상담] · 최종 선정된 신청자를 대상으로 욕구 파악, 심리검사 등 진행 · 초기상담을 바탕으로 대상자 선정 및 동행 활동가 매칭 [프로그램 - 1:1 개인활동] · 동행활동가와 함께하는 1:1 맞춤형 활동 총 10회 진행 [프로그램 - 집단활동] · 사회적응력 향상, 진로탐색, 취미활동 등의 다양한 집단 프로그램(자조모임) 5회 진행",,2026. 6.22.~ 7. 24.,,,2026-07-20,,,,,,18,39,,,,,,,,,,,,지자체,,,,"용인시 거주 중이며 사회적 고립상태로 어려움을 겪고 있는 청년 (18~39세) 20명 ※ 1986. 1. 1. ∼ 2008. 12. 31. 출생, 선정이후 주소확인용 초본 제출",,온라인 신청(구글폼) 바로가기,,,,,,,,,
11529,CARE MYSELF 3기,,,,경기도,의왕시,경기청년포털(시군),https://youth.gg.go.kr/gg/info/archive-policy-search-map.do?mode=view&arcNo=11529,https://docs.google.com/forms/d/e/1FAIpQLSdgr-Hz1MoastpRwbNou1oxNaqgz0-EVja7tzbaZ6KtPB2oNA/viewform,"15세 이상 39세 이하의 청년 ㄴ 전국 청년 참여가능하나, 의왕시 거주 또는 활동 청년을 우선 선정합니다. [TA풀에고그램 - 자아상태 검사] • 오리엔테이션 및 청년성장프로젝트 소개 • 내 안의 다섯 가지 자아 만나기 • 지금 나를 움직이는 자아의 힘 • 나만의 강점으로 전환하기 [TA풀에고그램 - 인생태도 검사] • 내 마음의 진짜 온도 들여다보기 • 어린 시절이 만든 나의 가치관 • 오늘의 나를 누르는 마음의 짐 [TA드라이버카드 진단] • 나를 몰아붙이는 무의식의 명령 • “~해야 해”에서 자유로워지기 • 인정과 지지, 스트로크 나누기",,2026. 7.16.~ 7. 26.,,,2026-07-20,,,,,,,,,,,,,,,,,,,지자체,,,,"15세 이상 39세 이하의 청년 ㄴ 전국 청년 참여가능하나, 의왕시 거주 또는 활동 청년을 우선 선정합니다.",,온라인 신청(구글폼) 바로가기,,,,,,,,,
11528,청년창업 아이디에이션 4.0 참가자 모집,일자리,,,경기도,성남시,경기청년포털(시군),https://youth.gg.go.kr/gg/info/archive-policy-search-map.do?mode=view&arcNo=11528,https://snspring.or.kr/programView.do?idx=865,"혁신 기술 기반 창업을 희망하는 성남시 청년 / 개인 또는 3인 이하의 팀 ※ 성남시 거주·재학·재직 청년으로 19세 ~ 39세(사업 공고일 기준 만나이 적용) ※ 창업팀 구성 시, 혁신기술 분야(예: XR, AI, 3D, IT 등) 구현이 가능한 팀원(초급 수준 이상) 포함 권장 혁신기술(AI, XR, 3D, IT 등) 분야 관련 창업 아이디어 공모",,2026. 7.20.~ 8. 13.,,,2026-07-20,,,,,,19,39,,,,,,,,,,,,지자체,,,,"혁신 기술 기반 창업을 희망하는 성남시 청년 / 개인 또는 3인 이하의 팀 ※ 성남시 거주·재학·재직 청년으로 19세 ~ 39세(사업 공고일 기준 만나이 적용) ※ 창업팀 구성 시, 혁신기술 분야(예: XR, AI, 3D, IT 등) 구현이 가능한 팀원(초급 수준 이상) 포함 권장",,온라인 신청 바로가기,,,,,,,,,
11524,청년 사진 드림(Dream) 사업,일자리,,,경기도,부천시,경기청년포털(시군),https://youth.gg.go.kr/gg/info/archive-policy-search-map.do?mode=view&arcNo=11524,https://apply.jobaba.net/bsns/bsnsDetailView.do?bsnsSeq=5772,"부천시 거주 청년(1987년~2008년 출생자) 60명 ※ 2008년 출생자의 경우는 취업목적 특성화고교 졸업예정자 제한 청년의 자격증 취득, 취업 시 필요한 증명사진(파일포함) 촬영지원 ※ 1인 연 1회 지원",,2026. 7.13.~ 7. 26.,,,2026-07-20,,,,,,,,,,,,,,,,,,,지자체,,,,부천시 거주 청년(1987년~2008년 출생자) 60명 ※ 2008년 출생자의 경우는 취업목적 특성화고교 졸업예정자 제한,,온라인 신청 바로가기,,,,,,,,,
11522,취·창업 청년 지원 주택 예비입주자 모집,일자리,,,경기도,부천시,경기청년포털(시군),https://youth.gg.go.kr/gg/info/archive-policy-search-map.do?mode=view&arcNo=11522,,"공고일(2026. 6. 29.) 기준 무주택자인 미혼 청년으로서 다음 요건을 모두 총족하는자 - ① 소득 및 자산 기준을 충족하며, 만19세 이상 만39세 이하인 자 ※ 생년월일 1986. 6. 30.~2007. 6. 29. ※ 소득: 1인 가구 월 4,576,036원 이하 ※ 자산: 총 2억 5,100만원 이하, 자동차 4,542만원 이하 - ② 부천시에 주민등록을 둔 자 - ③ 부천시 소재 기업 취·창업 청년 * 외국인은 신청 불가하며, 재외국민 주민등록신고자에 한하여 신청 가능 * 부모가 주택을 소유한 경우에도 신청 가능(단, 부모 무주택 가점 미부여) 공실 1호 / 예비입주자 5명 시중 시세 40%~50% 수준의 임대보증금 및 임대료로 거주 가능",,2026. 7.13.~ 7. 24.,,,2026-07-20,,,,,,,,,,,,,,,,,,,지자체,,,,"공고일(2026. 6. 29.) 기준 무주택자인 미혼 청년으로서 다음 요건을 모두 총족하는자 - ① 소득 및 자산 기준을 충족하며, 만19세 이상 만39세 이하인 자 ※ 생년월일 1986. 6. 30.~2007. 6. 29. ※ 소득: 1인 가구 월 4,576,036원 이하 ※ 자산: 총 2억 5,100만원 이하, 자동차 4,542만원 이하 - ② 부천시에 주민등록을 둔 자 - ③ 부천시 소재 기업 취·창업 청년 * 외국인은 신청 불가하며, 재외국민 주민등록신고자에 한하여 신청 가능 * 부모가 주택을 소유한 경우에도 신청 가능(단, 부모 무주택 가점 미부여)",,이메일 접수 | ranryoo@korea.kr,,,,,,,,,
11516,스타트업 인턴즈 4차_광고마케팅,일자리,,,경기도,성남시,경기청년포털(시군),https://youth.gg.go.kr/gg/info/archive-policy-search-map.do?mode=view&arcNo=11516,https://yw.work24.go.kr/main.do,"엑셀, PPT 활용이 가능하신 분 [우대] - 국내/외 SNS, 브랜드, 콘텐츠 트렌드에 밝으신 분 - 정해진 업무보다 새로운 일을 맡는 것을 부담스러워하지 않으시는 분 - 다양한 업무를 빠르게 배우고 실행하는 데 거부감이 없으신 분 - 디지털 광고 매체별 캠페인 운영 및 성과 데이터 관리 - SNS·커뮤니티·숏폼 콘텐츠 레퍼런스 리서치 및 트렌드 모니터링 - 데이터 조사 기반 캠페인 인사이트 정리 - 마케팅 성과 리포트, 제안서, 기획안 등 운영 자료 작성 지원",,2026. 7.13.~ 7. 22.,,,2026-07-20,,,,,,,,,,,,,,,,,,,지자체,,,,"엑셀, PPT 활용이 가능하신 분 [우대] - 국내/외 SNS, 브랜드, 콘텐츠 트렌드에 밝으신 분 - 정해진 업무보다 새로운 일을 맡는 것을 부담스러워하지 않으시는 분 - 다양한 업무를 빠르게 배우고 실행하는 데 거부감이 없으신 분",,온라인 신청 바로가기,,,,,,,,,
11515,현직자와 5주 직무경험,,,,경기도,안양시,경기청년포털(시군),https://youth.gg.go.kr/gg/info/archive-policy-search-map.do?mode=view&arcNo=11515,https://comento.kr/edu/univ/jobgo?5,"만 34세 이하 재학생, 졸업생, 지역청년 / 직무 당 10명 반도체 공정기술, 제약/바이오 품질관리",,2026. 7.15.~ 7. 21.,,,2026-07-20,,,,,,,,,,,,,,,,,,,지자체,,,,"만 34세 이하 재학생, 졸업생, 지역청년 / 직무 당 10명",,온라인 신청 바로가기,,,,,,,,,
11514,팹리스 점프업 일경험 프로그램 3기 전격 모집,일자리,,,경기도,성남시,경기청년포털(시군),https://youth.gg.go.kr/gg/info/archive-policy-search-map.do?mode=view&arcNo=11514,https://yw.work24.go.kr/main.do,"- 15세 이상 ~ 34세 이하 미취업 청년 (전기, 전자, 반도체 등 전공자 중심) - 전기·전자·반도체 관련 전공자 우대 1️⃣ STEP 1: 현장 교육 (나노팹 투어 & 1박 2일 워크숍) 2️⃣ STEP 2: 직무 교육 (넥스트칩 AI 객체 인식 / 텔레칩스 임베디드 프로젝트) 3️⃣ STEP 3: 실전 매칭 (기업 탐방 & 인사담당자 네트워킹)",,2026. 6.26.~ 7. 21.,,,2026-07-20,,,,,,,,,,,,,,,,,,,지자체,,,,"- 15세 이상 ~ 34세 이하 미취업 청년 (전기, 전자, 반도체 등 전공자 중심) - 전기·전자·반도체 관련 전공자 우대",,온라인 신청 바로가기,,,,,,,,,
11513,홈파티는 핑계GO,,,,경기도,안양시,경기청년포털(시군),https://youth.gg.go.kr/gg/info/archive-policy-search-map.do?mode=view&arcNo=11513,https://miniintern.com/event/3232,"신나게 홈파티를 즐기고 싶은 19~39세 청년 누구나 (12명) 1️⃣ 취향 밸런스 게임! 밸런스 게임으로 서로를 알아가면서 어색함을 풀어보는 시간! 2️⃣ 요리조리 홈파티 식탁 만들기! 모닝빵 샌드위치, 닭꼬치, 전골 등 맛있는 홈파티 음식 만들기!! 3️⃣ 도란도란 힐링 게임! 마피아·라이어 게임부터 보드게임까지 같이 웃고 즐기는 홈파티 게임 시간!",,2026. 7.10.~ 7. 22.,,,2026-07-20,,,,,,19,39,,,,,,,,,,,,지자체,,,,신나게 홈파티를 즐기고 싶은 19~39세 청년 누구나 (12명),,온라인 신청 바로가기,,,,,,,,,
11511,청년마음건강학교 모집,일자리,,,경기도,성남시,경기청년포털(시군),https://youth.gg.go.kr/gg/info/archive-policy-search-map.do?mode=view&arcNo=11511,https://www.smhc.or.kr/sub.php?menukey=63&mode=view&idx=87,"성남시에 거주하거나 재학, 근무 중인 만 19세 ~ 만 34세 청년 · 드림케어 ( 프로그램) 11회기 · 마음건강교육 1회기(프로그램 마지막 회기에 같이 진행됩니다.) 직업탐구 드림테어 프로그램이란? - 근본적인 직업탐구 질의 응답을 통해 진로를 구체화 합니다. - 컬러 아로마 명상을 통해 구직 스트레스를 완화합니다. - 그룹대담, 심리케어 그림 워크를 통해 스트레스성 긴장과 불안을 완화합니다.",,2026. 7.1.~ 7. 24.,,,2026-07-20,,,,,,19,34,,,,,,,,,,,,지자체,,,,"성남시에 거주하거나 재학, 근무 중인 만 19세 ~ 만 34세 청년",,온라인 신청 바로가기,,,,,,,,,
11510,AI미래프로젝트(바이브코딩) 참가자 모집,,,,경기도,성남시,경기청년포털(시군),https://youth.gg.go.kr/gg/info/archive-policy-search-map.do?mode=view&arcNo=11510,https://snspring.or.kr/programView.do?idx=861,청년 20세 ~ 39세 청년 과정 - 바이브 코딩 내 아이디어가 진짜 서비스가 되는 시간 AI파트너십 → 데이터 흐름 기능 구현 → 웹 서비스 완성,,2026. 6.30.~ 7. 24.,,,2026-07-20,,,,,,20,39,,,,,,,,,,,,지자체,,,,청년 20세 ~ 39세,,온라인 신청 바로가기,,,,,,,,,
11508,슈퍼히어로 인형 만들기 및 나눔,,,,경기도,안양시,경기청년포털(시군),https://youth.gg.go.kr/gg/info/archive-policy-search-map.do?mode=view&arcNo=11508,https://www.1365.go.kr/vols/1572247904127/partcptn/timeCptn.do?type=show&progrmRegistNo=3481005,"청년(만19세~만39세) 50명 애착인형 만들기(바느질), 초보자도 쉽게 할 수 있으며, 청년들이 함께 만들고 교류도 함께하는 활동입니다.",,2026. 6.25.~ 7. 24.,,,2026-07-20,,,,,,19,39,,,,,,,,,,,,지자체,,,,청년(만19세~만39세) 50명,,온라인 신청 바로가기,,,,,,,,,
11507,컴퓨터활용능력 2급 자격증 및 AI 실무 교육 참여자 모집,교육문화,,,경기도,가평군,경기청년포털(시군),https://youth.gg.go.kr/gg/info/archive-policy-search-map.do?mode=view&arcNo=11507,https://www.gp.go.kr/portal/selectBbsNttView.do?key=501&bbsNo=150&nttNo=285316&searchCtgry=&searchCnd=all&searchKrwd=&pageIndex=1&integrDeptCode=,"관내 만 18세~39세 청년층 20명 컴퓨터 및 스프레드시트 일반, 기본작업, 계산작업, 분석작업, AI 실무 활용 등",,2026. 7.6.~ 7. 24.,,,2026-07-20,,,,,,18,39,,,,,,,,,,,,지자체,,,,관내 만 18세~39세 청년층 20명,,"방문신청 | 가평군일자리센터(가평군청 제2청사 2층), 가평고용복지센터 방문접수(월,수,금) 바로가기",,,,,,,,,
11506,내 마음과 다시 마주하는 사회심리극,,,,경기도,과천시,경기청년포털(시군),https://youth.gg.go.kr/gg/info/archive-policy-search-map.do?mode=view&arcNo=11506,https://www.kcmhc.or.kr/sub.php?menukey=30&mode=view&idx=88,사회 · 심리극 경험을 원하는 과천거주 청년 10명 사회·심리극을 통해 자신의 내면을 다시 마주하고 다시 일어설 수 있는 기회를 제공,,2026. 6.25.~ 7. 23.,,,2026-07-20,,,,,,,,,,,,,,,,,,,지자체,,,,사회 · 심리극 경험을 원하는 과천거주 청년 10명,,온라인 신청 바로가기,,,,,,,,,
11505,영어회화 기초반,,,,경기도,의정부시,경기청년포털(시군),https://youth.gg.go.kr/gg/info/archive-policy-search-map.do?mode=view&arcNo=11505,https://211.188.65.173/pages/program/detail/883,"의정부시 19~39세 청년 20명 ✔ 영어회화 기초반 일상생활에서 자주 사용하는 기초 영어 표현과 회화를 익히고, 다양한 상황별 대화를 통해 영어 의사소통 능력을 향상하기",,2026. 6.24.~ 7. 24.,,,2026-07-20,,,,,,19,39,,,,,,,,,,,,지자체,,,,의정부시 19~39세 청년 20명,,온라인 신청 바로가기,,,,,,,,,
11504,청년특별할인 클래식 <서곡이란 무엇인가>,,,,경기도,안산시,경기청년포털(시군),https://youth.gg.go.kr/gg/info/archive-policy-search-map.do?mode=view&arcNo=11504,https://tickets.interpark.com/goods/26007501,"안산시 청년센터 상상대로 가입 청년(19~39세) 클래식 <서곡이란 무엇인가> 오페라, 오페레타, 뮤지컬의 서곡들 그리고 환상서곡과 축제서곡까지! [지휘, 렉처] 구자범 [연주] 봄프로젝트오케스트라",,2026. 6.5.~ 7. 24.,,,2026-07-20,,,,,,19,39,,,,,,,,,,,,지자체,,,,안산시 청년센터 상상대로 가입 청년(19~39세),,NOLE티켓: NOLE티켓 접속 → 공연 검색 → 결제 단계에서 할인권종 <안산청년제휴할인> 선택 후 예매 전화예매: 안산문화재단 고객지원센터 (080-481-4000) 전화 → 할인권종 <안산청년제휴할인> 선택 바로가기,,,,,,,,,
11503,무브업(Move up!)_실전 모의면접,일자리,,,경기도,시흥시,경기청년포털(시군),https://youth.gg.go.kr/gg/info/archive-policy-search-map.do?mode=view&arcNo=11503,https://docs.google.com/forms/d/e/1FAIpQLSfP9wj1ibvhv99Ae_aLDQp3yrY19gr9PRUoclpU-7mmtxuBig/viewform,"시흥시에 거주하거나 생활기반을 둔 미취업 19~39세 청년 면접은 많이 해볼수록 자신감 UP 실제 면접처럼 진행되는 실전 모의면접 프로그램! 혼자 준비하기 어려웠던 면접, 직접 경험하며 실전 감각을 키워보세요",,2026. 7.14.~ 7. 22.,,,2026-07-20,,,,,,19,39,,,,,,,,,,,,지자체,,,,시흥시에 거주하거나 생활기반을 둔 미취업 19~39세 청년,,온라인 신청(구글폼) 바로가기,,,,,,,,,
11502,커리어 로드맵 설계,일자리,,,경기도,과천시,경기청년포털(시군),https://youth.gg.go.kr/gg/info/archive-policy-search-map.do?mode=view&arcNo=11502,https://docs.google.com/forms/d/e/1FAIpQLSdtZ_FUBFbsvyBMGqJJ6XExRhDDfcBvKNRIYs1jFHAIijZxgw/viewform,"과천시 주민등록상 거주 및 재직 등 생활권 청년(만 19세~39세) - 강사 소개 및 참여자 소개 - 채용 트렌드와 공고 분석으로 취업, 이직 시장 진단하기 - 경험, 경력 기반으로 나의 핵심 역량과 셀링 포인트 도출하기 - 목표 직무 진입을 위해 보완해야 할 역량 격차(Gap) 분석하기 - 취업, 이직 목표 시점별 실행 로드맵 설계하기 - 질의응답 및 네트워킹",,2026. 7.7.~ 7. 22.,,,2026-07-20,,,,,,19,39,,,,,,,,,,,,지자체,,,,과천시 주민등록상 거주 및 재직 등 생활권 청년(만 19세~39세),,온라인 신청(구글폼) 바로가기,,,,,,,,,
11501,Level-up 창업컨설팅 4차 참여자 모집,일자리,,,경기도,양주시,경기청년포털(시군),https://youth.gg.go.kr/gg/info/archive-policy-search-map.do?mode=view&arcNo=11501,https://www.yangju.go.kr/youth/selectBbsNttView.do?key=3192&bbsNo=360&nttNo=206070&searchCtgry=&searchCnd=all&searchKrwd=&pageIndex=1&integrDeptCode=,19세 ~ 39세 이하 예비 및 초기 청년창업자 * 창업일반 * 지식재산권 * 세무·노무 * 마케팅 * 창업자금 * 아이템 검증 * 사업계획서 작성 등,,2026. 6.30.~ 7. 22.,,,2026-07-20,,,,,,19,39,,,,,,,,,,,,지자체,,,,19세 ~ 39세 이하 예비 및 초기 청년창업자,,이메일 접수 | sdgri@korea.kr 바로가기,,,,,,,,,
11500,전세사기 예방 아카데미,주거,,,경기도,오산시,경기청년포털(시군),https://youth.gg.go.kr/gg/info/archive-policy-search-map.do?mode=view&arcNo=11500,https://www.osanedu.go.kr/com/com0101/selectMainView.do,"오산시 생활권인 19~39세 청년 전세 계약, 막막하셨나요? 🤔 ✔ 전세사기 피해사례 ✔ 부동산 기초 용어 ✔ 계약서 확인법 ✔ 특약 작성법 ✔ 잔금 지급 시 주의사항까지! 전세 계약 전 꼭 알아야 할 내용을 전문가에게 직접 배워보세요.",,2026. 7.6.~ 7. 22.,,,2026-07-20,,,,,,19,39,,,,,,,,,,,,지자체,,,,오산시 생활권인 19~39세 청년,,온라인 신청 바로가기,,,,,,,,,
11499,나는 어떤 유형의 청년일까?,일자리,,,경기도,광주시,경기청년포털(시군),https://youth.gg.go.kr/gg/info/archive-policy-search-map.do?mode=view&arcNo=11499,https://smore.im/quiz/huS5MqlBTT,"센터 홈페이지에 가입한 광주시 청년 역량강화, 창업지원, 여가개선, 참여활동 등등 .. 센터에서는 다양한 사업을 진행하고 있는데요, 그 중 어떤 사업을 제일 많이 이용하고 계신가요? 나는 어떤 사업과 잘 맞는 청년인지 청년 유형 테스트를 통해 확인해 보세요!",,2026. 7.7.~ 7. 21.,,,2026-07-20,,,,,,,,,,,,,,,,,,,지자체,,,,센터 홈페이지에 가입한 광주시 청년,,"테스트 후 결과를 나의 SNS에 공유하고, 이벤트 폼에 인증하면 이벤트 참여 완료! 테스트 바로가기",,,,,,,,,
11498,방향제&힙팟 만들기_원데이클래스,일자리,,,경기도,시흥시,경기청년포털(시군),https://youth.gg.go.kr/gg/info/archive-policy-search-map.do?mode=view&arcNo=11498,https://docs.google.com/forms/d/e/1FAIpQLSfP9wj1ibvhv99Ae_aLDQp3yrY19gr9PRUoclpU-7mmtxuBig/viewform,"졸업예정자 및 19~39세 미취업 청년 내 공간을 기분 좋은 향기로 가득 채워줄 귀여운 캐릭터 방향제와 개성 넘치는 나만의 미니 화분 '힙팟'을 함께 만들어볼까요? 직접 트렌디한 인테리어 소품을 제작하며 감성도 충전하고, 손끝으로 전해지는 아기자기한 즐거움 속에 일상의 활력을 더해가는 특별한 시간입니다 :)",,2026. 7.14.~ 7. 21.,,,2026-07-20,,,,,,19,39,,,,,,,,,,,,지자체,,,,졸업예정자 및 19~39세 미취업 청년,,온라인 신청(구글폼) 바로가기,,,,,,,,,
11497,"취준 클래스 <자소서, 면접 컨설팅> 모집",일자리,,,경기도,군포시,경기청년포털(시군),https://youth.gg.go.kr/gg/info/archive-policy-search-map.do?mode=view&arcNo=11497,https://www.gunpoycf.or.kr/main02/47,만19~ 39세 미취업 청년 [자소서 컨설팅] 이력서 및 자소서 작성 팁 개별 첨삭 진행 [면접 컨설팅] 모의 면접 진행 개인별 피드백 제공,,2026. 6.11.~ 7. 21.,,,2026-07-20,,,,,,19,39,,,,,,,,,,,,지자체,,,,만19~ 39세 미취업 청년,,온라인 신청 바로가기,,,,,,,,,
11495,전기자전거 구입 보조금 지원사업 모집,,,,경기도,과천시,경기청년포털(시군),https://youth.gg.go.kr/gg/info/archive-policy-search-map.do?mode=view&arcNo=11495,https://www.gccity.go.kr/reservation/anm/master/view.do?idx=517&mId=0108000000,전기자전거를 구입하여 운행하고자 하는 과천시민 - 공고일 기준 30일전부터 과천시에 주민등록을 두고 계속하여 거주하고 있는 만 19세이상 과천시민 대당 구입금액의 30%이내(최대30만원)/1인당 1대,,2026. 7.6.~ 7. 20.,,,2026-07-20,,,,,,,,,,,,,,,,,,,지자체,,,,전기자전거를 구입하여 운행하고자 하는 과천시민 - 공고일 기준 30일전부터 과천시에 주민등록을 두고 계속하여 거주하고 있는 만 19세이상 과천시민,,온라인 신청 바로가기,,,,,,,,,
11493,AI를 활용한 취업·이직 특강,일자리,,,경기도,안산시,경기청년포털(시군),https://youth.gg.go.kr/gg/info/archive-policy-search-map.do?mode=view&arcNo=11493,https://asyouthspace.kr/program/382,"안산청년(19~39세) 중, 취업·이직 준비 청년 1강 : 제미나이를 활용한 입사지원서 완성 2강 : 면접 답변 전략 & 1분 자기소개 완성",,2026. 7.3.~ 7. 20.,,,2026-07-20,,,,,,19,39,,,,,,,,,,,,지자체,,,,"안산청년(19~39세) 중, 취업·이직 준비 청년",,온라인 신청 바로가기,,,,,,,,,
11491,로컬 창업 아이디어 공모전,일자리,,,경기도,광주시,경기청년포털(시군),https://youth.gg.go.kr/gg/info/archive-policy-search-map.do?mode=view&arcNo=11491,https://www.gj-youth.or.kr/bbs/board.php?bo_table=table49&wr_id=266,"광주시 청년(거주·재직·재학·활동) *예비·초기·도약 창업자 - 이전 로컬 창업 아이디어 공모전 입상자도 지원은 가능하지만 수상 이력이 있는 연관성 있는 아이디어는 제출이 불가능하며, 미 입상자는 기존 내용을 보완한 경우에 한하여 제출 가능 로컬 7대 분야 중 광주시의 특성과 연계한 혁신적인 비즈니스 모델을 접목하여 지역문제를 해결하고 새로운 가치를 창출하는 사업·아이템 [지역가치] 지역의 문화나 고유 특성을 기반으로 한 새로운 경제문화 가치 창출 [로컬푸드] 지역의 특산물, 미활용 작물 등 농수산물을 활용한 식품가공 및 유통 [지역기반제조] 지역에서 생산되는 소재를 활용하거나 지역의 특색을 반영한 제조업(수공업, DIY) [지역특화관광] 관광자원을 활용한 관광객 유입 / 지역 방문을 위한 원스톱 서비스 [거점브랜드] 지역 내 복합문화공간 등 지역거점의 역할 / 지역성과 희소성을 기반으로 지역 가치 창출 [디지털문화체험] 지역별로 역사와 문화가 담긴 유적지와 문화재 등을 과학 기술 및 ICT와 접목 [자연친화활동] 지역의 특성을 활용한 자연환경에서 진행되는 아웃도어 활동을 위한 사업모델",,2026. 6.15.~ 7. 20.,,,2026-07-20,,,,,,,,,,,,,,,,,,,지자체,,,,"광주시 청년(거주·재직·재학·활동) *예비·초기·도약 창업자 - 이전 로컬 창업 아이디어 공모전 입상자도 지원은 가능하지만 수상 이력이 있는 연관성 있는 아이디어는 제출이 불가능하며, 미 입상자는 기존 내용을 보완한 경우에 한하여 제출 가능",,이메일 접수 | ehdgus0809@gj-youth.or.kr 바로가기,,,,,,,,,
11489,사례로 알아보는 마음 치유의 여정,교육문화,,,경기도,성남시,경기청년포털(시군),https://youth.gg.go.kr/gg/info/archive-policy-search-map.do?mode=view&arcNo=11489,https://sugang.seongnam.go.kr/ilms/learning/learningDetail.do?learning_id=LEARNING_00503322,1인가구에 관심 있는 성남시민 20명 마음 한 스푼 더 특강 2회 1차 : 마음에도 검진이 필요합니다 : 심리검사 활용 가이드 2차 : 사례로 알아보는 마음 치유의 여정,,2026. 6.8.~ 7. 20.,,,2026-07-20,,,,,,,,,,,,,,,,,,,지자체,,,,1인가구에 관심 있는 성남시민 20명,,온라인 신청 바로가기,,,,,,,,,
11488,청춘다이어리_내일설계,일자리,,,경기도,시흥시,경기청년포털(시군),https://youth.gg.go.kr/gg/info/archive-policy-search-map.do?mode=view&arcNo=11488,https://docs.google.com/forms/d/e/1FAIpQLSfP9wj1ibvhv99Ae_aLDQp3yrY19gr9PRUoclpU-7mmtxuBig/viewform,시흥시에 거주하거나 생활기반을 둔 미취업 19~39세 청년 개별 맞춤 커리어 설계 역량 강화 기간별 목표 설정을 통한 체계적인 구직 플랜 수립 - 취업 준비 전략 - 1/3/6개월 실행 계획 수립 - 커리어 로드맵 설계 - 개인별 피드백 및 Q&A,,2026. 7.13.~ 7. 20.,,,2026-07-20,,,,,,19,39,,,,,,,,,,,,지자체,,,,시흥시에 거주하거나 생활기반을 둔 미취업 19~39세 청년,,온라인 신청(구글폼) 바로가기,,,,,,,,,
11487,청춘다이어리_문서완성,일자리,,,경기도,시흥시,경기청년포털(시군),https://youth.gg.go.kr/gg/info/archive-policy-search-map.do?mode=view&arcNo=11487,https://docs.google.com/forms/d/e/1FAIpQLSfP9wj1ibvhv99Ae_aLDQp3yrY19gr9PRUoclpU-7mmtxuBig/viewform,시흥시에 거주하거나 생활기반을 둔 미취업 19~39세 청년 직무와 연결된 설득력 있는 내 스토리 완성 스토리텔링 기반 완성도 높은 자기소개서 작성 - 자기소개서 구조 이해 - STAR 기법 활용 - 경험 스토리 구성 - 문항별 작성 실습 및 피드백,,2026. 7.13.~ 7. 20.,,,2026-07-20,,,,,,19,39,,,,,,,,,,,,지자체,,,,시흥시에 거주하거나 생활기반을 둔 미취업 19~39세 청년,,온라인 신청(구글폼) 바로가기,,,,,,,,,
11486,힐링아로마 스프레이_원데이클래스,교육문화,,,경기도,용인시,경기청년포털(시군),https://youth.gg.go.kr/gg/info/archive-policy-search-map.do?mode=view&arcNo=11486,https://youth.yongin.go.kr/web/main/program/open/1011?cp=2&pageSize=8&programStatus=program_recruit_ing&programIsPosted=true&fromList=openList,"용인시를 생활권으로 하는 18세~39세 청년 “잠 못 드는 여름밤, 향기로 편안하게 쉬어볼까용?” 무더운 여름밤의 긴장을 풀고 편안한 휴식을 돕는 힐링아로마 스프레이를 만들어보는 클래스입니다. 아로마 향의 특징을 알아보고, 나에게 잘 맞는 향을 조합해 침구나 공간에 가볍게 사용할 수 있는 나만의 아로마 스프레이를 완성해보아요.",,2026. 6.17.~ 7. 20.,,,2026-07-20,,,,,,18,39,,,,,,,,,,,,지자체,,,,용인시를 생활권으로 하는 18세~39세 청년,,온라인 신청 바로가기,,,,,,,,,
11483,과일 케이크 클래스,교육문화,,,경기도,화성시,경기청년포털(시군),https://youth.gg.go.kr/gg/info/archive-policy-search-map.do?mode=view&arcNo=11483,https://form.naver.com/response/C3JvLDe2C5OyTlcITt4OaA,화성시에 거주하거나 생활권을 두고 있는 청년(19~39세) - 망고 케이크 클래스 - 키위 케이크 클래스,,2026. 7.6.~ 7. 20.,,,2026-07-20,,,,,,19,39,,,,,,,,,,,,지자체,,,,화성시에 거주하거나 생활권을 두고 있는 청년(19~39세),,온라인 신청(네이버폼) 바로가기,,,,,,,,,
11482,쿠킹 클래스,교육문화,,,경기도,화성시,경기청년포털(시군),https://youth.gg.go.kr/gg/info/archive-policy-search-map.do?mode=view&arcNo=11482,https://form.naver.com/response/RGeQq7JjTZnArJKD-RrfUg,화성시에 거주하거나 생활권을 두고 있는 청년(19~39세) - 레몬 마들렌 클래스 - 초코칩 스콘 클래스 - 곰돌이쿠키 클래스 - 스모어쿠키 클래스 - 아이싱쿠키 클래스,,2026. 7.6.~ 7. 20.,,,2026-07-20,,,,,,19,39,,,,,,,,,,,,지자체,,,,화성시에 거주하거나 생활권을 두고 있는 청년(19~39세),,온라인 신청(네이버폼) 바로가기,,,,,,,,,
11472,면접 올(ALL) 레디 지원,일자리,,,경기도,포천시,경기청년포털(시군),https://youth.gg.go.kr/gg/info/archive-policy-search-map.do?mode=view&arcNo=11472,https://job.gg.go.kr/main/main.do,"포천시 거주 구직·이직 준비 중인 청년(19~49세) ✔ 면접정장 무료 대여 ✔ 취업사진 촬영 지원 ✔ 헤어·메이크업까지 완벽 준비 면접 준비, 더 이상 혼자 고민하지 마세요. 지금 바로 신청하세요!",,2026. 5.2.~ 예산 소진 시까지,,,2026-07-20,,,,,,19,49,,,,,,,,,,,,지자체,,,,포천시 거주 구직·이직 준비 중인 청년(19~49세),,온라인 신청 바로가기,,,,,,,,,
11471,청년 창업 컨설팅 지원사업 참여자 모집,일자리,,,경기도,가평군,경기청년포털(시군),https://youth.gg.go.kr/gg/info/archive-policy-search-map.do?mode=view&arcNo=11471,https://www.gp.go.kr/portal/selectBbsNttView.do?key=2526&bbsNo=593&nttNo=284833&searchCtgry=&searchCnd=all&searchKrwd=&pageIndex=1&integrDeptCode=,신청일 현재 가평군에 거주하는 19~39세 관내(예비)창업 청년 14명 ※ 1986. 1. 1. ~ 2007. 12. 31. 출생자 해당 ZOOM 활용한 창업 전문가와 1:1 컨설팅 ※ 1인 최대 2회 (1회 2시간 기준) [모집분야] - 사업화 - 마케팅 - 세무회계 - 정부지원사업 - 창업 법률 - 창업 일반 - 콘텐츠 창업,,2026. 7.1.~ 8. 31.,,,2026-07-20,,,,,,19,39,,,,,,,,,,,,지자체,,,,신청일 현재 가평군에 거주하는 19~39세 관내(예비)창업 청년 14명 ※ 1986. 1. 1. ~ 2007. 12. 31. 출생자 해당,,이메일 접수 | wldbs1013@korea.kr 바로가기,,,,,,,,,
11470,구인·구직 만남의 날 채용행사,일자리,,,경기도,용인시,경기청년포털(시군),https://youth.gg.go.kr/gg/info/archive-policy-search-map.do?mode=view&arcNo=11470,https://www.yongin.go.kr/user/bbs/BD_selectBbs.do?q_bbsCode=1001&q_clCode=1&q_bbscttSn=20260708140014442,참여 희망자 현장면접·채용 - 참여기업과 1:1 면접 채용정보 제공 - 구인기업 정보 확인 취업상담·진로탐색 - 이력서·자기소개서 컨설팅 및 취업 상담,,,,,2026-07-20,,,,,,,,,,,,,,,,,,,지자체,,,,참여 희망자,,방문 | 용인시일자리센터 4층 대회의실 (용인시 기흥구 강남로 3) 바로가기,,,,,,,,,
11466,와이키키해변 아크릴돔 만들기,,,,경기도,성남시,경기청년포털(시군),https://youth.gg.go.kr/gg/info/archive-policy-search-map.do?mode=view&arcNo=11466,https://snspring.or.kr/programView.do?idx=866,"성남시 거주/재직/재학 청년 (19세~39세) 20명 잠시 쉬어가는 힐링 시간, 올여름은 나만의 와이키키 해변을 만들어보세요. 야자수와 모래사장, 시원한 바다를 담은 아크릴돔을 직접 꾸미며 책상 위에 작은 바캉스를 완성할 수 있습니다. 처음 참여하는 분들도 쉽게 만들 수 있도록 제작 방법 안내가 함께 제공됩니다. 키트를 수령한 후 메인센터 공간에서 자유롭게 제작할 수 있으며, 청년이봄을 방문하신 청년 누구나 참여 가능합니다.",,2026. 7.1.~ 재고 소진 시,,,2026-07-20,,,,,,19,39,,,,,,,,,,,,지자체,,,,성남시 거주/재직/재학 청년 (19세~39세) 20명,,"방문신청 [청년이봄 메인센터] 1. 청년이봄 메인센터 방문 2. 안내데스크에서 방문대장 작성 후 DIY 키트를 수령 3. 메인센터 공간에서 자유롭게 만든 후, 만족도 조사에 참여 바로가기",,,,,,,,,
11465,전월세 안심계약 도움 서비스,주거,,,경기도,군포시,경기청년포털(시군),https://youth.gg.go.kr/gg/info/archive-policy-search-map.do?mode=view&arcNo=11465,https://www.gunpoycf.or.kr/company_05.php,"군포시 거주 또는 거주예정 청년(19~39세) 1인가구 주거든든메이트(공인중개사)의 전문 상담 - 전월세 계약상담(주택임대차 계약 유의사항 등) - 전입 희망지역 주변 정보 제공(전월세 형성 가격, 주요 인프라 등) - 집보기 안심동행(물건 내외부 상태 점검) ※ 사전 예약한 경우만 서비스 이용 가능 - 전월세 임대 등 청년 주거지원 정책 정보 제공 등",,2026. 3.~ 12.,,,2026-07-20,,,,,,19,39,,,,,,,,,,,,지자체,,,,군포시 거주 또는 거주예정 청년(19~39세) 1인가구,,온라인 신청 바로가기,,,,,,,,,
11464,공유 오피스 입주자 모집,일자리,,,경기도,군포시,경기청년포털(시군),https://youth.gg.go.kr/gg/info/archive-policy-search-map.do?mode=view&arcNo=11464,https://www.gunpoycf.or.kr/notice/60,"공고일 기준 19세 이상 39세이하 예비· 초기 창업가(창업 7년 이내) * 예비창업자의 경우, 입주 확정 후 사업자등록 필수 공유오피스 2호석, 7호석 [입주기간] 입주일 ~ 2026. 12. 31.까지 * 6개월 단위 계약(6.30. 또는 12.31.)",,2026. 7.1.~ 모집 종료 시까지,,,2026-07-20,,,,,,,,,,,,,,,,,,,지자체,,,,"공고일 기준 19세 이상 39세이하 예비· 초기 창업가(창업 7년 이내) * 예비창업자의 경우, 입주 확정 후 사업자등록 필수",,이메일 접수 | hlna92@gunpoycf.or.kr 바로가기,,,,,,,,,
11462,디스플레이 부트캠프 모집,일자리,,,경기도,안산시,경기청년포털(시군),https://youth.gg.go.kr/gg/info/archive-policy-search-map.do?mode=view&arcNo=11462,https://docs.google.com/forms/d/e/1FAIpQLScbMqYUkWElW2do-ZZqHygaFeBHxE64t5iXyMv8tNpDoMqg0w/viewform,만 19세 ~ 만 34세 미취업 청년 ① 양자점 디스플레이 소재 제작 및 분석 - 양자점 디스플레이 이해 - 소재 제작 및 분석 실습 ② 디스플레이 소재·부품 평가분석 - 소재 및 부품 특성 분석 - 성능 평가 실습 ③ 디스플레이 제조를 위한 AI 기술 활용 - AI 데이터 분석 - 제조 공정 분석 - 영상처리 및 머신러닝 활용 ④ AI 기반 마이크로 LED 데이터 분석 - 디스플레이 데이터 분석 - 품질 분석 및 공정 데이터 활용 ⑤ AICE(Basic) 자격증 과정 - AI 역량 인증 - AICE(Basic) 취득 지원,,2026. 7.1.~ 12. 31.,,,2026-07-20,,,,,,19,34,,,,,,,,,,,,지자체,,,,만 19세 ~ 만 34세 미취업 청년,,온라인 신청(구글폼) 바로가기,,,,,,,,,
11432,청년월세 지원 참여자 모집,주거,,,경기도,파주시,경기청년포털(시군),https://youth.gg.go.kr/gg/info/archive-policy-search-map.do?mode=view&arcNo=11432,https://apply.jobaba.net/bsns/bsnsDetailView.do?bsnsSeq=5754,(아래 사항을 모두 충족해야 함) - [연령] 19세 ~ 39세(1986. 1. 1. ~ 2007. 12. 31.) - [주소] 신청일 기준 주민등록상(임대차계약 동일) 주소지가 파주시인 청년 가구 60명 내외 - [소득] 가구당 건강보험료 부과금액이 기준중위소득의 120% 이하(최근 3개월 평균액) 월 최대 10만원 지원(연 최대 120만원 / 생애 1회),,2026. 7.1.~ 7. 31.,,,2026-07-20,,,,,,19,39,,,,,,,,,,,,지자체,,,,(아래 사항을 모두 충족해야 함) - [연령] 19세 ~ 39세(1986. 1. 1. ~ 2007. 12. 31.) - [주소] 신청일 기준 주민등록상(임대차계약 동일) 주소지가 파주시인 청년 가구 60명 내외 - [소득] 가구당 건강보험료 부과금액이 기준중위소득의 120% 이하(최근 3개월 평균액),,온라인 신청 바로가기,,,,,,,,,
11411,임차형 작심스터디카페 이용자 모집,,,,경기도,평택시,경기청년포털(시군),https://youth.gg.go.kr/gg/info/archive-policy-search-map.do?mode=view&arcNo=11411,https://m.place.naver.com/place/1166754881/ticket?entry=pll&bk_query=%ED%8F%89%ED%83%9D%EC%8B%9C%EC%B2%AD%EB%85%84%EC%A7%80%EC%9B%90%EC%84%BC%ED%84%B0,"(19~39세 이하)의 평택시 생활권 청년 누구나 ✏️ 5,000원 상당의 작심스터디카페 평택서정점 3시간 이용권",,2026. 5.1.~ 11. 30.,,,2026-07-20,,,,,,19,39,,,,,,,,,,,,지자체,,,,(19~39세 이하)의 평택시 생활권 청년 누구나,,온라인 신청 바로가기,,,,,,,,,
11385,청년성장프로젝트 & 청년카페,일자리,,,경기도,구리시,경기청년포털(시군),https://youth.gg.go.kr/gg/info/archive-policy-search-map.do?mode=view&arcNo=11385,https://forms.gle/1BZMDupoRM4rVr1o8,"구리시 거주 또는 생활권 15세 ~ 39세 미취업 청년 [경력(재)설계] 1년 뒤 달라질 나를 위한, 단 90일의 설계( 20명) [퍼스널 컬러] 컬러 진단 및 최적 컬러 솔루션(컬러 브랜딩)(15명) [자소서 단기 작성] : 개별코칭 채용 공고에 딱 맞춘 기업별 자소서 만들기(with ChatGPT) (20명) [사회초년생 기본교육] 사회초년생을 위한 슬기로운 제테크 생활( 20명) [현직자 멘토링] 글로벌 vs 스타트업, 내 스타일에 맞는 마케팅 조직 찾기 (15명) [청년고용정책 & 테라리움 클래스] 청년고용정책 & 코케다마 이끼볼 만들기(25명) [한국전통다과 만들기] 감태오란다 만들기(32명) [수제청 만들기] 자몽청 만들기",,2026. 7.1.~ 7. 25.,,,2026-07-20,,,,,,15,39,,,,,,,,,,,,지자체,,,,구리시 거주 또는 생활권 15세 ~ 39세 미취업 청년,,온라인 신청(구글폼) 바로가기,,,,,,,,,
11365,청년라이즈 취업멘토링 콘서트,일자리,,,경기도,시흥시,경기청년포털(시군),https://youth.gg.go.kr/gg/info/archive-policy-search-map.do?mode=view&arcNo=11365,https://docs.google.com/forms/d/e/1FAIpQLSddtAC7-1pUsmb0QXxCQ4QDYmv8Z6xdb4A8iYpcYB2mQpiiZg/viewform,관내 구직청년 19~39세 200명 1. 관내 기업 소개 2. 직무 토크쇼 Q&A 3. 직무 특강 4.소그룹 멘토링,,,,,2026-07-20,,,,,,19,39,,,,,,,,,,,,지자체,,,,관내 구직청년 19~39세 200명,,온라인 신청(구글폼) 바로가기,,,,,,,,,
11315,찾아가는 심리지원서비스_청년 마인드 톡톡,,,,경기도,군포시,경기청년포털(시군),https://youth.gg.go.kr/gg/info/archive-policy-search-map.do?mode=view&arcNo=11315,https://docs.google.com/forms/d/e/1FAIpQLSegz165x5c2RKp8qM-wO9P-pZ6ojQDfQknfFfXJhYE6d_LfrA/viewform,군포시 청년공간 플라잉을 이용하는 누구나 매월 ３번째 주 화요일 / 스트레스 측정 및 우울자가검진,,2026. 6.22.~ 12. 14. (상시),,,2026-07-20,,,,,,,,,,,,,,,,,,,지자체,,,,군포시 청년공간 플라잉을 이용하는 누구나,,온라인 신청(구글폼) 바로가기,,,,,,,,,
11257,안산대학교 취업 스킬업 아카데미,일자리,,,경기도,안산시,경기청년포털(시군),https://youth.gg.go.kr/gg/info/archive-policy-search-map.do?mode=view&arcNo=11257,https://forms.gle/fq3anJud6QbEPjdu7,"만 34세 미만 지역 청년, 안산대학교 재학생 및 졸업생 누구나 🎓 비대면 온라인 (ZOOM) 진행 [특강 일정 및 내용] 원하시는 회차를 자유롭게 중복해서 선택하실 수 있습니다. ☺️ - 1회차 06/23(화): 미리 보는 미래 유망 직무 프로파일링 (산업 트렌드 분석 및 로드맵) 📈 - 2회차 07/02(목): AI로 찾는 나의 직무 시나리오 (AI 기반 맞춤형 직무 탐색) 🤖 - 3회차 07/09(목): 합격하는 자기소개서 첫걸음 (인사담당자가 알려주는 합격 팁) 📝 - 4회차 07/16(목): 면접관을 움직이는 설득의 기술 (면접 의도 파악 및 실전 대화법) 🗣️ - 5회차 07/23(목): 협업의 기술: MZ세대의 비즈니스 커뮤니케이션 (원활한 조직 생활을 위한 팀워크) 🤝",,2026. 6.12.~ 7. 22.,,,2026-07-20,,,,,,,,,,,,,,,,,,,지자체,,,,"만 34세 미만 지역 청년, 안산대학교 재학생 및 졸업생 누구나 🎓",,온라인 신청(구글폼) 바로가기,,,,,,,,,
11186,원데이클래스_압화부채 만들기,금융복지,,,경기도,성남시,경기청년포털(시군),https://youth.gg.go.kr/gg/info/archive-policy-search-map.do?mode=view&arcNo=11186,,"성남시 거주/재직/재학 청년 (19세~39세 / 선착순 20명 DIY 키트 제공) 직접 꽃을 고르고 배치하며 나만의 취향을 담아 특별한 부채를 완성할 수 있습니다. 완성된 부채는 다가오는 여름철 실용적으로 사용할 수 있을 뿐만 아니라, 꽃의 아름다움을 오래 간직할 수 있는 특별한 소품이 됩니다. 처음 참여하는 분들도 쉽게 만들 수 있도록 제작 방법 안내가 함께 제공됩니다. 키트를 수령한 후 메인센터 공간에서 자유롭게 제작할 수 있으며, 청년이봄을 방문하신 청년 누구나 참여 가능합니다.",,2026. 6.4.~ 재고 소진 시,,,2026-07-20,,,,,,19,39,,,,,,,,,,,,지자체,,,,성남시 거주/재직/재학 청년 (19세~39세 / 선착순 20명 DIY 키트 제공),,"1. 청년이봄 메인센터 방문 2. 안내데스크에서 방문대장 작성 후 DIY 키트를 수령 3. 메인센터 공간에서 자유롭게 만든 후, 만족도 조사에 참여",,,,,,,,,
11180,청년이동상담 마인드톡톡,,,,경기도,김포시,경기청년포털(시군),https://youth.gg.go.kr/gg/info/archive-policy-search-map.do?mode=view&arcNo=11180,https://m.site.naver.com/1Z4sy,"김포시민 중 만 19세~34세 청년 정신건강상담（우울, 불안, 스트레스） 및 자기보고식 척도검사",,2026. 2.1.~ 11. 30.,,,2026-07-20,,,,,,19,34,,,,,,,,,,,,지자체,,,,김포시민 중 만 19세~34세 청년,,온라인 신청(네이버폼) 바로가기,,,,,,,,,
11156,재기발랄 자원봉사 동아리 모집,교육문화,,,경기도,화성시,경기청년포털(시군),https://youth.gg.go.kr/gg/info/archive-policy-search-map.do?mode=view&arcNo=11156,https://forms.gle/XpeLYdynfUZaoKHy5,"화성시 동탄2신도시에서 활동 가능한 누구나! 동아리 또는 개인 자원봉사활동 진행 ① 봉사활동 인증서 제공(봉사시간 인정) ② 복지관 프로그램실 무료 대관(본관(청계동), 영천센터, 산척센터) ③ 원데이 클래스(무료) 참여 기회 제공 ④ 우수 자원봉사자 표창 후보 등록(국회의원상, 시장상 등)",,2026. 3.12.~ 상시,,,2026-07-20,,,,,,,,,,,,,,,,,,,지자체,,,,화성시 동탄2신도시에서 활동 가능한 누구나!,,온라인 신청(구글폼) 바로가기,,,,,,,,,
11151,청년창업가 사무실 입주 모집,일자리,,,경기도,양주시,경기청년포털(시군),https://youth.gg.go.kr/gg/info/archive-policy-search-map.do?mode=view&arcNo=11151,https://www.yangju.go.kr/youth/eduLctreWebView.do?key=3180&eduLctreNo=12799&searchEduInsttNo&searchEduPlaceNo&searchEduSttus&searchRceptBgnde&searchRceptEndde&pageUnit=20&searchCnd=all&searchKrwd&pageIndex=1,"양주시에 거주하는 19세~39세 청년 초기 창업자 및 창업이 확실시되는 예비 창업자 - 사업계획서, 아이디어 구체화를 하고 싶은 예비창업자 - 임대료 부담을 덜고 비즈니스를 안정적으로 이끌어 가고싶은 초기 창업자 - 청년 커뮤니티를 필요로 하는 창업자 등 ① 업무·경영 활동에 최적화된 공간 지원 - 평일 9시~18시 사이 언제든 자유롭게 이용하는 오픈라운지 자유석 & 무거운 짐 보관용 개인 사물함 제공 - 초고속 와이파이, 고성능 복합기 및 필수 사무용품 지원 ② 비즈니스 스케일업을 위한 특화 시설 대관 - 제품 및 서비스를 멋지게 촬영할 상품 촬영실 대관 - 바이어 미팅, 팀 회의, 협업을 위한 회의실 지원 - 아이디어를 리프레시할 공유부엌 및 휴게실 이용 ③ 역량 강화 및 관계 확장을 위한 스페셜 베네핏 - 청년센터 마케팅·세무·노무 등 창업 프로그램 우선 참여 기회 제공 - 멤버십 회원 간의 정기적인 창업 청년 네트워킹 데이/밋업 참여 기회",,2026. 6.2.~ 상시모집,,,2026-07-20,,,,,,19,39,,,,,,,,,,,,지자체,,,,"양주시에 거주하는 19세~39세 청년 초기 창업자 및 창업이 확실시되는 예비 창업자 - 사업계획서, 아이디어 구체화를 하고 싶은 예비창업자 - 임대료 부담을 덜고 비즈니스를 안정적으로 이끌어 가고싶은 초기 창업자 - 청년 커뮤니티를 필요로 하는 창업자 등",,온라인 신청 바로가기,,,,,,,,,
11146,청년여성 서포터즈 W.W.C 모집,,,,경기도,수원시,경기청년포털(시군),https://youth.gg.go.kr/gg/info/archive-policy-search-map.do?mode=view&arcNo=11146,,,,,,,2026-07-20,,,,,,,,,,,,,,,,,,,지자체,,,,,,,,,,,,,,,
11141,청년무지개프로젝트-셀프케어,교육문화,,,경기도,고양시,경기청년포털(시군),https://youth.gg.go.kr/gg/info/archive-policy-search-map.do?mode=view&arcNo=11141,https://booking.naver.com/booking/12/bizes/306566/items/7718204?startDateTime=2026-06-01T00%3A00%3A00%2B09%3A00,"18~39세 고양시 거주/재학/재직 청년 근골격계질환 이론교육부터 체형교정, 다양한 부위별 마사지와 스트레칭 1. 특강일시 : 2026.6. 18. 19:00~21:00 2. 특강장소 : 내일꿈제작소 A동 4층 강당",,2026.6. 1. ~ 선착순 마감,,,2026-07-20,,,,,,18,39,,,,,,,,,,,,지자체,,,,18~39세 고양시 거주/재학/재직 청년,,온라인 신청 바로가기,,,,,,,,,
11140,AI 활용 자소서 작성법,일자리,,,경기도,고양시,경기청년포털(시군),https://youth.gg.go.kr/gg/info/archive-policy-search-map.do?mode=view&arcNo=11140,https://booking.naver.com/booking/12/bizes/306566/items/7704055?startDateTime=2026-06-01T00%3A00%3A00%2B09%3A00,"고양시 거주/재학/재직 18~39세 청년 주요 AI도구별 특징을 이해하고, 취업준비 효율성 극대화 1. 특강일시 : 2026.6. 9. 14:00~16:00 2. 특강장소 : 내일꿈제작소 A동 4층 강당",,2026.6. 1. ~ 선착순 마감,,,2026-07-20,,,,,,18,39,,,,,,,,,,,,지자체,,,,고양시 거주/재학/재직 18~39세 청년,,온라인 신청 바로가기,,,,,,,,,
11118,유튜브 크리에이터 특강,교육문화,,,경기도,남양주시,경기청년포털(시군),https://youth.gg.go.kr/gg/info/archive-policy-search-map.do?mode=view&arcNo=11118,https://naver.me/FQuVdbhW,"남양주시 거주하는 만 19~39세 청년（86~07년생）70명 [취미로 시작한 유튜브가 나만의 브랜드가 되기까지] - 취미로 시작한 유튜브, 어떻게 인생의 방향이 바뀌었나 - 나에게 맞는 유튜브 채널 주제 찾는 법 - 조회수보다 중요한 유튜브 성장 구조 - 콘텐츠 기반 부업과 크리에이터의 현실 - Q&A",,2026. 5.22.~ 마감시까지,,,2026-07-20,,,,,,19,39,,,,,,,,,,,,지자체,,,,남양주시 거주하는 만 19~39세 청년（86~07년생）70명,,온라인 신청(네이버폼) 바로가기,,,,,,,,,
11109,한세대학교 대학일자리플러스센터 캐치잡(Catch Job),일자리,,,경기도,군포시,경기청년포털(시군),https://youth.gg.go.kr/gg/info/archive-policy-search-map.do?mode=view&arcNo=11109,https://m.site.naver.com/263X1,"대학 4학년 재(휴)학생, 미취업 졸업생, 미취업 지역청년(15~34세) 취업특강 1회, 1:1 취업컨설팅 및 잡매칭, 사후관리",,2026. 6.1.~ 9. 30.,,,2026-07-20,,,,,,15,34,,,,,,,,,,,,지자체,,,,"대학 4학년 재(휴)학생, 미취업 졸업생, 미취업 지역청년(15~34세)",,온라인 신청(네이버폼) 바로가기,,,,,,,,,
11034,병역의무 이행 청년카드,,,,경기도,안산시,경기청년포털(시군),https://youth.gg.go.kr/gg/info/archive-policy-search-map.do?mode=view&arcNo=11034,https://reserve.ansan.go.kr/svc/V02/admServiceView.do?pageIndex¤tMenuNo=729&resrId=RESR_000000000012949&linkYn=N&searchAgy&searchClsfCd=V02&searchRcptStat&searchBjd&searchDateGb=R&searchStDt&searchEndDt&searchValue,안산시 주민등록 만 39세 이하 현역 복무를 마친 제대 군인 안산시 설치·운영·관리 시설물의 사용료·수강료 등의 감경 또는 면제,,2026. 1.1.~ 12. 31. (상시모집),,,2026-07-20,,,,,,,,,,,,,,,,,,,지자체,,,,안산시 주민등록 만 39세 이하 현역 복무를 마친 제대 군인,,온라인 신청 바로가기,,,,,,,,,
11001,인공지능 디지털 시스템반도체 R&D 설계인력양성과정 2기 훈련생 모집,교육문화,,,경기도,용인시,경기청년포털(시군),https://youth.gg.go.kr/gg/info/archive-policy-search-map.do?mode=view&arcNo=11001,https://docs.google.com/forms/d/e/1FAIpQLSfOmb-0LcquHogv-h_KbCoLuo1-N2PdKkdLB_ZPfNfVUk6OSg/viewform?pli=1,"관련 학과 4학년 및 졸업생 (전기, 전자, 반도체, 정보통신, 컴퓨터공학 등) 또는 프로그래밍(C/C++, Python) 가능자 우대 - 교육비 지원 - 훈련장려금 - 학점 인정 혜택 - 1인 1 PC 및 글로벌 표준 EDA 툴 제공",,모집 인원 충원시 마감,,,2026-07-20,,,,,,,,,,,,,,,,,,,지자체,,,,"관련 학과 4학년 및 졸업생 (전기, 전자, 반도체, 정보통신, 컴퓨터공학 등) 또는 프로그래밍(C/C++, Python) 가능자 우대",,온라인 신청(구글폼) 바로가기,,,,,,,,,
10944,청소년 활동가 동아리 <센터Y-틴> 모집,,,,경기도,수원시,경기청년포털(시군),https://youth.gg.go.kr/gg/info/archive-policy-search-map.do?mode=view&arcNo=10944,https://naver.me/5Xc90e5f,수원시 일대에서 활동 가능한 14~19세 청소년 수원 YWCA에서 뜻깊은 활동을 함께 할 청소년 활동가를 모집합니다. - 월 1회 이상 정기모임 - 수원 YWCA에서 진행하는 다양한 지역사회 운동 및 캠페인 참여 - 수원 YWCA Y-틴 청소년 회원 및 전국의 Y-틴 청소년 회원들과 교류 및 연대활동 - 2026 전국 Y-틴 중점운동 '안전한 공간'을 주제로 한 주도적 프로젝트 기획 및 실행,,2026. 5.11.~ 상시모집,,,2026-07-20,,,,,,14,19,,,,,,,,,,,,지자체,,,,수원시 일대에서 활동 가능한 14~19세 청소년,,온라인 신청(네이버폼) 바로가기,,,,,,,,,
10942,주민참여예산 SNS서포터즈 모집,,,,경기도,고양시,경기청년포털(시군),https://youth.gg.go.kr/gg/info/archive-policy-search-map.do?mode=view&arcNo=10942,https://naver.me/Gntv2lVY,"고양시 거주 또는 재학, 재직하고 있는 자 (만 15세~39세이하) SNS 서포터즈 활동이 가능한 청소년,청년층 * 타 지역이라도 고양시에 관심 있는 누구나 가능 - SNS 및 블러그 계정 소유자 - 사진, 글쓰기, 컨텐츠 제작 등에 관심이 있는 자 - SNS활동에 적극적으로 참여 가능한 자 온라인 오리엔테이션 포함 온라인 미션 수행 및 보고서 제출 총 5회",,2026. 5.6.~ 12. 18.,,,2026-07-20,,,,,,15,39,,,,,,,,,,,,지자체,,,,"고양시 거주 또는 재학, 재직하고 있는 자 (만 15세~39세이하) SNS 서포터즈 활동이 가능한 청소년,청년층 * 타 지역이라도 고양시에 관심 있는 누구나 가능 - SNS 및 블러그 계정 소유자 - 사진, 글쓰기, 컨텐츠 제작 등에 관심이 있는 자 - SNS활동에 적극적으로 참여 가능한 자",,온라인 신청(네이버폼) 바로가기,,,,,,,,,
10924,청년활동 스탬프투어 [청년마블 스탬프런],일자리,,,경기도,안산시,경기청년포털(시군),https://youth.gg.go.kr/gg/info/archive-policy-search-map.do?mode=view&arcNo=10924,https://asyouthspace.kr/program/367,안산 시정에 참여하는 19세~39세 안산 청년 누구나 ■ 참여방법 스탬프북 수령 청년공간 방문 또는 청년행사 참여 인증 스탬프 적립 적립 개수에 따라 참여 보상 지급 ■ 참여가능 청년공간 안산시 청년센터 상상대로 청년몰 청년큐브 별별공간 등 ■ 참여가능 주요 행사 청년의 날 축제 청년정책 토론회 창업경진대회 e-스포츠 페스티벌 유니온페스티벌 등,,2026. 5.6.~ 11. 30.,,,2026-07-20,,,,,,19,39,,,,,,,,,,,,지자체,,,,안산 시정에 참여하는 19세~39세 안산 청년 누구나,,온라인 신청 바로가기,,,,,,,,,
10923,별별공간 운영 시작!,,,,경기도,안산시,경기청년포털(시군),https://youth.gg.go.kr/gg/info/archive-policy-search-map.do?mode=view&arcNo=10923,https://www.asyouthspace.kr/bbs/board.php?bo_table=program_2,"안산시 거주·활동 청년(19~39세) 누구나 (상상대로 멤버십 가입 필수) 1인 1일 1회 5,000원 공간 이용비 지원! * 공간별 월 최대 5회 이용가능",,2026. 5.6.~ 10. 30.,,,2026-07-20,,,,,,19,39,,,,,,,,,,,,지자체,,,,안산시 거주·활동 청년(19~39세) 누구나 (상상대로 멤버십 가입 필수),,온라인 신청 바로가기,,,,,,,,,
10911,고양행주문화제 SNS 기자단 알맹이 모집,교육문화,,,경기도,고양시,경기청년포털(시군),https://youth.gg.go.kr/gg/info/archive-policy-search-map.do?mode=view&arcNo=10911,https://form.naver.com/response/81HDdo7ckS4My9uQq5RDEQ,"누구나 지원 가능! - 축제 기간(6월 13~14일) 모두 활동 가능한 분 ← 필수 조건! - 사진·영상·글 기록이 가능한 분 - SNS 콘텐츠 제작이 가능한 분 STEP 01 | 현장 취재 축제 프로그램, 행사 및 부스 등을 직접 현장에서 취재합니다. STEP 02 | SNS 콘텐츠 제작 사진·영상 촬영 및 글 제작 등 다양한 형식으로 콘텐츠를 만듭니다. STEP 03 | 후기 업로드 개인 SNS에 콘텐츠를 업로드하고 활동 보고서를 제출합니다.",,2026. 5.6.~ 12. 18.,,,2026-07-20,,,,,,,,,,,,,,,,,,,지자체,,,,누구나 지원 가능! - 축제 기간(6월 13~14일) 모두 활동 가능한 분 ← 필수 조건! - 사진·영상·글 기록이 가능한 분 - SNS 콘텐츠 제작이 가능한 분,,온라인 신청(구글폼) 바로가기,,,,,,,,,
10900,청년 마인드톡톡 참가자 모집,,,,경기도,성남시,경기청년포털(시군),https://youth.gg.go.kr/gg/info/archive-policy-search-map.do?mode=view&arcNo=10900,,,,,,,2026-07-20,,,,,,,,,,,,,,,,,,,지자체,,,,,,,,,,,,,,,
10899,커플 숙려 캠프 참가 커플 모집,,,,경기도,성남시,경기청년포털(시군),https://youth.gg.go.kr/gg/info/archive-policy-search-map.do?mode=view&arcNo=10899,,,,,,,2026-07-20,,,,,,,,,,,,,,,,,,,지자체,,,,,,,,,,,,,,,
10896,1인가구 지원패키지 신청자 모집,,,,경기도,평택시,경기청년포털(시군),https://youth.gg.go.kr/gg/info/archive-policy-search-map.do?mode=view&arcNo=10896,https://docs.google.com/forms/d/e/1FAIpQLSdq_cOWQGAaFynLjqb0bbWwbJImvA3mmjZCa4sgrMe4bzY3QA/viewform,"19~39세 타 지자체에서 평택시로 전입신고한 1인 가구 청년 (2026.1.1. 이후 전입자) 1. 웰컴키트(전동드라이버) 2. 평택시 청년정책 가이드북 3. 청년쉼,표 리플렛 4. 통복시장도 5. 평택시 관광안내 지도 6. 평택 청년 라이프맵",,2026.4. 27. ~ 선착순 재고 소진 시까지,,,2026-07-20,,,,,,19,39,,,,,,,,,,,,지자체,,,,19~39세 타 지자체에서 평택시로 전입신고한 1인 가구 청년 (2026.1.1. 이후 전입자),,온라인 신청 바로가기,,,,,,,,,
10831,제미나이 실무 활용법,,,,경기도,연천군,경기청년포털(시군),https://youth.gg.go.kr/gg/info/archive-policy-search-map.do?mode=view&arcNo=10831,https://docs.google.com/forms/d/e/1FAIpQLSdp7-CXN9JTmnaby2YDoZoui75X9pPt2v82W1QkSg3HJxyQcw/viewform,"연천군민, 재직자, 사업자 1순위:19~39세 / 2순위:39세 이상 [1회] - 생성형 AI 업무활용 범위 이해 - 실무형 질문 구조 이해 - 요청방식에 따른 결과 품질차이 실습 [2회] - 자료분석, 요약정리 업무흐름설계 - 비교 분석 및 표 생성 기능 실습 - 반복 사용 프롬프트 제작 [3회] - 보고서, 기획서, 초안 작성 및 구조화 실습 - 논리 점검, 메세지 강화 방법 적용 - 대상 맞춤 문서 수정 및 재구성 실습 [4회] - 개인 업무 흐름분석 및 AI 적용 지점 도출 - 반복업무 자동화 구조 설계 - 개인 맞춤 프롬프트 템플릿 완성",,2026. 4.20.~ 마감 시 까지,,,2026-07-20,,,,,,19,39,,,,,,,,,,,,지자체,,,,"연천군민, 재직자, 사업자 1순위:19~39세 / 2순위:39세 이상",,온라인 신청(구글폼) 바로가기,,,,,,,,,
10827,청년 맞춤형 교육 프로그램 내일아트 상반기 참가자 모집,주거,,,경기도,성남시,경기청년포털(시군),https://youth.gg.go.kr/gg/info/archive-policy-search-map.do?mode=view&arcNo=10827,https://snspring.or.kr/programView.do?idx=812&searchCategory=%ED%95%B4%EB%B4%84,성남시 관내 청년(만19세 ~ 34세) [금융교육] - 현직 재무설계사와 함께하는 사회초년생의 경제적 자립 준비를 위한 기초 금융 이해 교육 [주거교육] - 부동산 앱 서비스 집토스 대표와 함께하는 사회초년생의 안정적인 주거 환경 조성 교육 [노동직장 생존교육] - 전문 노무사 대표와 함께하는 사회초년생의 노동권 보호를 위한 노동 교육 [생활 자립 교육] - 청년의 독립적인 생활 역량 강화를 위한 생활 자립 교육,,2026. 4.20.~ 교육별 선착순 마감,,,2026-07-20,,,,,,19,34,,,,,,,,,,,,지자체,,,,성남시 관내 청년(만19세 ~ 34세),,온라인 신청 바로가기,,,,,,,,,
10768,웰빙노마드 참여자 모집,교육문화,,,경기도,고양시,경기청년포털(시군),https://youth.gg.go.kr/gg/info/archive-policy-search-map.do?mode=view&arcNo=10768,https://docs.google.com/forms/d/e/1FAIpQLSelxw4W0Yo20ersfjTVicbgaD9pO_vvH4NhNAPIjTXYsgArcA/viewform,"1 ) 본인 : 사회적 관계가 단절되어 특정 공간에 3개월 이상 머물고 있는 고양시 내 거주 및 만 19~64세 지역주민 2 ) 1번 '본인'의 가족 및 지인, 보호자 등 전문상담 / 가족 및 지지체계 모임&교육 / 당사자 일상생활 회복 활동 맞춤형 지원 / 서포터즈 연계 안부 나눔 등",,2026. 4.14. ~ 사업 종료 시까지,,,2026-07-20,,,,,,19,64,,,,,,,,,,,,지자체,,,,"1 ) 본인 : 사회적 관계가 단절되어 특정 공간에 3개월 이상 머물고 있는 고양시 내 거주 및 만 19~64세 지역주민 2 ) 1번 '본인'의 가족 및 지인, 보호자 등",,"온라인 신청 아래 2가지 방법 중 1가지 선택하여 신청 (당사자 및 가족, 지인 모두 신청 및 상담 가능) 1 ) 위 홍보지 내 QR코드 접속 후 구글폼 작성하여 신청 본인 신청 : 바로가기 가족/지인 신청 : 바로가기",,,,,,,,,
10757,시시단 단원 모집,교육문화,,,경기도,시흥시,경기청년포털(시군),https://youth.gg.go.kr/gg/info/archive-policy-search-map.do?mode=view&arcNo=10757,https://form.naver.com/response/TCptguSkEvu9fwRXx0XpkQ?utm_source=ig&utm_medium=social&utm_content=link_in_bio&fbclid=PAZXh0bgNhZW0CMTEAc3J0YwZhcHBfaWQMMjU2MjgxMDQwNTU4AAGnFmfg6jpm7sojM2Iaq4nwrETi1skZ-c7vrtXXgGJVUc9-oIWa7ovuQXEw0XQ_aem_ZxhQIqvPyUzAY4Nxf4Qcyw,"시흥시 거주 20~40대 누구나 - 교육·연극·뮤지컬·작곡 분야 전문 강사들과 함께 부담 없이, 재미있게 참여할 수 있는 문화예술 활동",,2026. 4.13.~ 상시,,,2026-07-20,,,,,,,,,,,,,,,,,,,지자체,,,,시흥시 거주 20~40대 누구나,,온라인 신청 바로가기,,,,,,,,,
10755,청년라이프쉐어 러너블리 성남청년 러닝크루 상시 모집,,,,경기도,성남시,경기청년포털(시군),https://youth.gg.go.kr/gg/info/archive-policy-search-map.do?mode=view&arcNo=10755,https://snspring.or.kr/programView.do?idx=803,"19~39세 성남시(거주, 재직, 재학, 활동 등) 청년 1. 러닝크루 「러너블리」 크루원들과 함께하는 운동 2. 매니저 파견 활동지원(물, 구급상자 등) 3. 하반기 러너블리 크루와 함께하는 대회 참가 4. 성남 청년 & 청년이봄과 함께하는 소속감",,2026. 4.9.~ 11. 12.,,,2026-07-20,,,,,,19,39,,,,,,,,,,,,지자체,,,,"19~39세 성남시(거주, 재직, 재학, 활동 등) 청년",,온라인 신청 바로가기,,,,,,,,,
10745,사회적 고립 청년 지원사업,교육문화,,,경기도,성남시,경기청년포털(시군),https://youth.gg.go.kr/gg/info/archive-policy-search-map.do?mode=view&arcNo=10745,https://snspring.or.kr/programView.do?idx=801,"✔ 사회적 고립 만19~39세 청년 30명 ✔ 성남시 거주자 또는 학교 재학, 기관 등 재직 온라인, 오프라인 자율선택 ✔ 온라인활동: AI상담 상냥이, 줌 체험활동 ✔ 오프라인활동: 전문심리상담, 문화예술체험활동, 자립활동",,상시,,,2026-07-20,,,,,,19,39,,,,,,,,,,,,지자체,,,,"✔ 사회적 고립 만19~39세 청년 30명 ✔ 성남시 거주자 또는 학교 재학, 기관 등 재직",,온라인 신청 바로가기,,,,,,,,,
10744,청년창업 멘토링,일자리,,,경기도,군포시,경기청년포털(시군),https://youth.gg.go.kr/gg/info/archive-policy-search-map.do?mode=view&arcNo=10744,https://www.gunpoycf.or.kr/program/108,"19세 ~ 39세 청년 / 군포시 소재 예비․초기 청년 창업가, 청년공간플라잉 입주기업 초기창업 및 창업진단 - 예비·초기창업가 대상 창업역량 진단, 창업 적합성 검토 및 리스크 요인 사전 점검 사업 아이디어 개발 및 구체화 - 창업 아이디어 검토 및 피드백, 사업모델 설계(BM) 및 수익구조 점검 등 초기 경영 - 사업자등록 방법, 인사/노무, 세무회계, 계약관리 등 자금·투자·정부지원 연계 - 정부/지자체 창업지원사업 정보 제공 및 신청 전략, 사업계획서 작성 방향 자문, 투자 단계별 투자 유지 전략 등 창업 법률 - 창업 관련 기본 법률, 소득세법, 임대차 계약, 근로기준법 등",,2026. 3.10.~ 11. 30.,,,2026-07-20,,,,,,19,39,,,,,,,,,,,,지자체,,,,"19세 ~ 39세 청년 / 군포시 소재 예비․초기 청년 창업가, 청년공간플라잉 입주기업",,온라인 신청 바로가기,,,,,,,,,
10735,고용노동부 미래내일 일경험 지원사업 인턴 모집,일자리,,,경기도,구리시,경기청년포털(시군),https://youth.gg.go.kr/gg/info/archive-policy-search-map.do?mode=view&arcNo=10735,https://www.guri.go.kr/www/selectBbsNttView.do?key=389&bbsNo=41&nttNo=141258&searchCtgry=&searchCnd=all&searchKrwd=&integrDeptCode=&pageIndex=1,15 ~ 34세 이하 미취업 청년(군필자의 경우 최대 39세 限) 공공행정(기관 부서별 운영 지원 및 업무 보조),,2026. 4.2.~ 11월,,,2026-07-20,,,,,,15,34,,,,,,,,,,,,지자체,,,,15 ~ 34세 이하 미취업 청년(군필자의 경우 최대 39세 限),,온라인 신청 바로가기,,,,,,,,,
10734,면접사진 촬영지원사업,일자리,,,경기도,고양시,경기청년포털(시군),https://youth.gg.go.kr/gg/info/archive-policy-search-map.do?mode=view&arcNo=10734,https://apply.jobaba.net/bsns/bsnsDetailView.do?bsnsSeq=5432,"- 고양시 거주 18 ~ 39세 이하 청년 - 고양시 소재 기업에 재직중인 청년 - 고양시 소재 대학교에 재학(휴학) 중인 청년 - 원흥동 소재 한국장학재단 대학생연합생활관 입주생 청년 구직자를 위한 취업용 증명사진 촬영 지원 (1인당 연 1회) - 사진촬영일: 매주 금요일 - 예약가능일: 신청시점에서 한 달 이내 날짜만(승인 가능) - 촬영 시간: 신청일자 별 순서대로 임의 배정(선택 불가) - 신청 후 승인까지 시간 소요, 취소 및 변경은 최소 3일 전(유선 연락 시)까지만 가능",,2026. 3.27.~ 11. 27.,,,2026-07-20,,,,,,18,39,,,,,,,,,,,,지자체,,,,- 고양시 거주 18 ~ 39세 이하 청년 - 고양시 소재 기업에 재직중인 청년 - 고양시 소재 대학교에 재학(휴학) 중인 청년 - 원흥동 소재 한국장학재단 대학생연합생활관 입주생,,온라인 신청 바로가기,,,,,,,,,
10685,청년 대인관계 향상 프로그램 강점-login 참여자 모집,,,,경기도,안양시,경기청년포털(시군),https://youth.gg.go.kr/gg/info/archive-policy-search-map.do?mode=view&arcNo=10685,https://naver.me/GFsGWncP,"만 19~34세 안양시 거주 청년 및 고립·은둔 청년 (15명 내외) 자기수용, 회복탄력성 강화, 스트레스 관리 및 강점 찾기 등",,2026. 4.1.~ 12. 18.,,,2026-07-20,,,,,,19,34,,,,,,,,,,,,지자체,,,,만 19~34세 안양시 거주 청년 및 고립·은둔 청년 (15명 내외),,온라인 신청(네이버폼) 바로가기,,,,,,,,,
10641,상반기 청년구직자 공공인턴 참여자 모집,일자리,,,경기도,화성시,경기청년포털(시군),https://youth.gg.go.kr/gg/info/archive-policy-search-map.do?mode=view&arcNo=10641,,,,,,,2026-07-20,,,,,,,,,,,,,,,,,,,지자체,,,,,,,,,,,,,,,
10628,"공기업, 공공기관, 기업 취업을 위한 NCS&인적성 대비 특강",일자리,,,경기도,구리시,경기청년포털(시군),https://youth.gg.go.kr/gg/info/archive-policy-search-map.do?mode=view&arcNo=10628,https://forms.gle/tUuwRKAUAhvoHJrd7,NCS&인적성 시험을 준비하는 청년 ・1회차: 4월 8일(수) 오후 7시 ~ 9시 ① 의사소통능력 기초이론 및 문제풀이 ・2회차: 4월 15일(수) 오후 7시 ~ 9시 ② 수리능력 기초이론 및 문제풀이 ・3회차: 4월 22일(수) 오후 7시 ~ 9시 ③ 문제해결능력 기초이론 및 문제풀이,,2026. 3.23.~ 선착순 마감,,,2026-07-20,,,,,,,,,,,,,,,,,,,지자체,,,,NCS&인적성 시험을 준비하는 청년,,온라인 신청(구글폼) 바로가기,,,,,,,,,
10624,청년·신혼부부 공공임대주택 주거비 지원사업,주거,,,경기도,포천시,경기청년포털(시군),https://youth.gg.go.kr/gg/info/archive-policy-search-map.do?mode=view&arcNo=10624,https://plus.gov.kr/,"청년: 19세 이상 39세 이하 미혼 신혼부부: 혼인 7년 이내 또는 3개월 이내 혼인 예정인 부부 임대보증금 - 최대 3,000만원 무이자 지원 | 포천헤리센트 /송우파인빌('26년 신규 입주자) 월 임대료 - 월 임대료의 50%(최대 10만원) | 포애뜰 / 송우파인빌('25년 기존 입주자)",,2026. 3.30.~ 11. 30. (예산 소진시 사업종료),,,2026-07-20,,,,,,,,,,,,,,,,,,,지자체,,,,청년: 19세 이상 39세 이하 미혼 신혼부부: 혼인 7년 이내 또는 3개월 이내 혼인 예정인 부부,,✔️ 온라인: 정부24 바로가기 ✔️ 오프라인: 포천시 주택과 방문,,,,,,,,,
10614,상반기 청년창업아카데미 교육생 모집,일자리,,,경기도,파주시,경기청년포털(시군),https://youth.gg.go.kr/gg/info/archive-policy-search-map.do?mode=view&arcNo=10614,https://forms.gle/okEzKzjt7oj7jMdFA,파주시 관내 예비․초기창업자 중 만39세 이하 청년 (10명 내외),,2026. 4.1.~ 4. 30.(교육 기간 내 상시접수),,,2026-07-20,,,,,,,,,,,,,,,,,,,지자체,,,,파주시 관내 예비․초기창업자 중 만39세 이하 청년 (10명 내외),,온라인 신청 (구글폼) 바로가기,,,,,,,,,
10605,면접정장 대여지원,일자리,,,경기도,고양시,경기청년포털(시군),https://youth.gg.go.kr/gg/info/archive-policy-search-map.do?mode=view&arcNo=10605,https://goyangjobcafe.kr/programs/14560/,"고양시 거주/재학/재직 중인 18-39세 청년 (대학생연합생활관 입주생 포함) 대여 기간 : 1회 3박 4일 (1인당 연 3회) 대여 품목 : 정장, 구두, 벨트, 넥타이 등 대여 업체 : 드림윙즈 ☎ 02-547-4782 (신촌역 8번, 서강대역 2번 출구)",,2026. 3.27.~ 상시 (예산 소진시 사업종료),,,2026-07-20,,,,,,18,39,,,,,,,,,,,,지자체,,,,고양시 거주/재학/재직 중인 18-39세 청년 (대학생연합생활관 입주생 포함),,온라인 신청 바로가기,,,,,,,,,
10598,혼밥러를 부탁해! 1회차 참가자 모집,,,,경기도,성남시,경기청년포털(시군),https://youth.gg.go.kr/gg/info/archive-policy-search-map.do?mode=view&arcNo=10598,https://snspring.or.kr/programView.do?idx=791&searchStatus=2,"성남시 관내 1인가구 청년(만19세 ~ 34세)이면 누구나 (※선착순 10명) 저탄소 요리 4색 토핑 유부초밥(오이게맛살/참치마요/불고기/당근라페)와 자몽,레몬에이드",,2026. 3.25.~ 모집 마감 시,,,2026-07-20,,,,,,19,34,,,,,,,,,,,,지자체,,,,성남시 관내 1인가구 청년(만19세 ~ 34세)이면 누구나 (※선착순 10명),,온라인 신청 바로가기,,,,,,,,,
10596,일본어 첫걸음,,,,경기도,의정부시,경기청년포털(시군),https://youth.gg.go.kr/gg/info/archive-policy-search-map.do?mode=view&arcNo=10596,https://211.188.65.173/pages/program/detail/836,"의정부시 19~39세 청년 (20명) 1주차) - 히라가나 익히기 - 히라가나의 문자와 발음 익히기 - 숫자, 기본적인 쉬운 인사말 익히기 (1) - 일본 드라마 속 자기소개 2주차) - 일본어의 발음 익히기 - 요음, 장음, 촉음, 발음 등 - 기본 인사말 익히기 (2) - 형용사의 종류(연상법)와 활용 - 일본 가정에 초대받았을 때의 식사와 대화 3주차) - 일본의 형용사 공부하기 - 형용사를 활용한 회화 - ナ형용사의 종류와 활용(연상법) - 내 기호 말하기 4주차) - 가타카나 익히기 - 가타카나 그림 활용 연상법 - 기본 동사의 ます접속법",,2026. 3.24.~ 모집 마감시,,,2026-07-20,,,,,,19,39,,,,,,,,,,,,지자체,,,,의정부시 19~39세 청년 (20명),,온라인 신청 바로가기,,,,,,,,,
10573,청년도전지원사업 참여자 모집,일자리,,,경기도,시흥시,경기청년포털(시군),https://youth.gg.go.kr/gg/info/archive-policy-search-map.do?mode=view&arcNo=10573,https://www.work24.go.kr/wk/g/b/1100/busiIntro.do,"6개월간 미취업중인 만 18세~39세 청년 ※ 신청일 기준 대학생, 휴학생, 실업급여 수급자, 사업자등록증 소유자, 국민취업지원제도 참여자 참여 불가 [도전] (5주) - 최대 50만원 [중기] (15주) - 최대 220만원 [장기] (25주) - 최대 350만원",,2026. 1.1.~ 모집시 마감,,,2026-07-20,,,,,,18,39,,,,,,,,,,,,지자체,,,,"6개월간 미취업중인 만 18세~39세 청년 ※ 신청일 기준 대학생, 휴학생, 실업급여 수급자, 사업자등록증 소유자, 국민취업지원제도 참여자 참여 불가",,온라인 신청 바로가기,,,,,,,,,
10569,자원봉사누리 모집,교육문화,,,경기도,군포시,경기청년포털(시군),https://youth.gg.go.kr/gg/info/archive-policy-search-map.do?mode=view&arcNo=10569,https://www.1365.go.kr/vols/P9210/partcptn/timeCptn.do?type=show&progrmRegistNo=3430011,대학 및 성인 누구나 1회차 - 커피박키링 만들기 /공내동 문화의 거리 /환경정화 활동 2회차 - 군포철쭉축제 / 안전관리 캠페인 / 환경정화 활동 3회차 - 한번더제작소 견학 / 당정근린공원 / 환경정화 활동 4회차 - 천연수세미 만들기 / 중앙공원 / 환경정화 활동,,2026. 3.20.~ 각 회차 모집인원(30명) 마감 시까지,,,2026-07-20,,,,,,,,,,,,,,,,,,,지자체,,,,대학 및 성인 누구나,,온라인 신청 1회차 신청 2회차 신청 3회차 신청 4회차 신청,,,,,,,,,
10559,1인가구 지원사업 참여자 모집,금융복지,,,경기도,구리시,경기청년포털(시군),https://youth.gg.go.kr/gg/info/archive-policy-search-map.do?mode=view&arcNo=10559,https://forms.gle/jZjENTyntdVzgfhH7  ,"다음 중 1~3번 중 한 가지 해당되는 청년기 1인 가구(만 19세~34세) 1. 경기도에 주민등록을 둔 청년 1인 가구(등본 상 1인가구가 확인되어야 함) 2. 경기도 구리시에 사는 청년 1인 가구 3. 경기도에 사는 청년 1인 가구 누구나 청년 1인 가구를 대상으로 식생활 개선 요리 교실, 금융 안전 교육, 건강 돌봄 프로그램, 생활 꿀팁 바구니(공예,아로마 테라피 등) 활동 지원",,2026. 3.3.~ 상시 모집,,,2026-07-20,,,,,,19,34,,,,,,,,,,,,지자체,,,,다음 중 1~3번 중 한 가지 해당되는 청년기 1인 가구(만 19세~34세) 1. 경기도에 주민등록을 둔 청년 1인 가구(등본 상 1인가구가 확인되어야 함) 2. 경기도 구리시에 사는 청년 1인 가구 3. 경기도에 사는 청년 1인 가구 누구나,,1. 경기청년포털 회원가입(필수) → 2. 온라인 신청(구글폼) 바로가기,,,,,,,,,
10552,퍼스널컬러활용 면접이미지 및 자소서 컨설팅 참여자 모집,일자리,,,경기도,연천군,경기청년포털(시군),https://youth.gg.go.kr/gg/info/archive-policy-search-map.do?mode=view&arcNo=10552,https://docs.google.com/forms/d/1H1abE8j9Zd7GOv2UDrP9otBfHlGwS2_vb0qe92kyhWY/viewform?edit_requested=true,"연천군민 중 미취업자, 단시간 근로자,(구직등록확인서 제출) ※ 1순위-19~39세 , 2순위-39세 이상 1. 면접이미지 자가진단 - 현재 나의 첫인상 점검 - 직무별 이미지 방향 설정 - 보완 포인트 도출 2. 퍼스널컬러 활용 전략 - 퍼스널컬러 기본 이해 - 면접 적합 컬러 가이드 - 의상, 메이크업 컬러 적용 3. 자기소개서 작성 전략 - 핵심 경험 정리 및 강점 도출 - 면접 답변 필수 체크리스트",,2026. 3.3.~ 마감시까지,,,2026-07-20,,,,,,19,39,,,,,,,,,,,,지자체,,,,"연천군민 중 미취업자, 단시간 근로자,(구직등록확인서 제출) ※ 1순위-19~39세 , 2순위-39세 이상",,온라인 신청(구글폼) 바로가기,,,,,,,,,
10514,"지금, 나는 괜찮을까?",,,,경기도,평택시,경기청년포털(시군),https://youth.gg.go.kr/gg/info/archive-policy-search-map.do?mode=view&arcNo=10514,https://forms.gle/o8q76rSziF1xhzVZA,"19~39세 이하 평택시 생활권 청년 누구나 평택시 청년을 위한 자가점검 설문 이벤트를 진행합니다. 설문에 참여해 현재 나의 상태를 돌아보고, 추첨 이벤트에도 참여해보세요!",,2026. 3.10.~ 12. 9.,,,2026-07-20,,,,,,19,39,,,,,,,,,,,,지자체,,,,19~39세 이하 평택시 생활권 청년 누구나,,온라인 신청(구글폼) 바로가기,,,,,,,,,
10483,919취업 광장,일자리,,,경기도,안산시,경기청년포털(시군),https://youth.gg.go.kr/gg/info/archive-policy-search-map.do?mode=view&arcNo=10483,https://asyouthspace.kr/main02/1406,"취업을 희망하는 구직자 누구나 [채용면접관] 구인·구직자간 1:1 현장 채용면접 [취업상담관] 1:1 이력서 컨설팅 및 기관별 취업상담 [부대 행사] 이력서 무료 사진촬영, 타로카드 진로상담, 재무상담 등",,,,,2026-07-20,,,,,,,,,,,,,,,,,,,지자체,,,,취업을 희망하는 구직자 누구나,,온라인 신청 바로가기,,,,,,,,,
10470,4월 취업로드맵 참여자 모집,일자리,,,경기도,남양주시,경기청년포털(시군),https://youth.gg.go.kr/gg/info/archive-policy-search-map.do?mode=view&arcNo=10470,https://forms.gle/hch74V5yjVziUAu47,"남양주시 거주 중인 39세 이하 취업준비생 [취업준비 step 1.] - 강점 활용 직업적 강점 찾기 - 강점의 중요성과 필요성 - 강점 기반 진단 해석 및 진로 목표 수립 - 강점 스토리텔링, 대표 강점을 인식한 자기이해와 자신감 증진 - 강점 기반 진로 목표 설정 및 액션플랜 작성 [취업준비 step 2.] - 노트북 혹은 태블릿 지참 - AI 활용 자기소개서 작성 - AI 자기소개서 기초 - AI를 활용한 자기소개서 작성 시 주의해야 할 사항 - Chat GPT, 퀴즈봇을 활용한 작성법과 실습 - 문항별 경험작성 방법 및 AI활용 초안 작성",,상시 접수,,,2026-07-20,,,,,,,,,,,,,,,,,,,지자체,,,,남양주시 거주 중인 39세 이하 취업준비생,,온라인 신청(구글폼) 바로가기,,,,,,,,,
10457,청년프로젝트 청년 학습자 모집,교육문화,,,경기도,안산시,경기청년포털(시군),https://youth.gg.go.kr/gg/info/archive-policy-search-map.do?mode=view&arcNo=10457,https://asyouthspace.kr/main02/1374?page=2,19세 ~ 39세 청년 누구나 원하는 강좌를 무료로 원하는 시간에 개설 (※ 재료비 학습자 개인 부담),,2026. 1.1.~ 12. 31.,,,2026-07-20,,,,,,19,39,,,,,,,,,,,,지자체,,,,19세 ~ 39세 청년 누구나,,인스타그램 DM 문의 -> 강사 매칭 후 프로그램 개설 확정 -> 홈페이지 신청 바로가기,,,,,,,,,
10454,청년 전·월세 안심계약 도움서비스,주거,,,경기도,성남시,경기청년포털(시군),https://youth.gg.go.kr/gg/info/archive-policy-search-map.do?mode=view&arcNo=10454,https://dept.seongnam.go.kr/youth/apply/business/detail/196,19세 ~ 39세의 성남시에 거주 또는 거주 예정 청년 - 중개활동 경험과 전문성을 갖춘 주거안심매니저(공인중개사)를 통한 전·월세 계약 상담 및 동행 지원 - 주거예정지역 정보제공 및 주거지원 정책 안내,,2026. 3.12.~ 12. 10.,,,2026-07-20,,,,,,19,39,,,,,,,,,,,,지자체,,,,19세 ~ 39세의 성남시에 거주 또는 거주 예정 청년,,온라인 신청 바로가기,,,,,,,,,
10425,일자리 박람회,일자리,,,경기도,군포시,경기청년포털(시군),https://youth.gg.go.kr/gg/info/archive-policy-search-map.do?mode=view&arcNo=10425,,"일자리 희망자 ※ 졸업예정자, 청년, 여성, 중장년층 퇴직자 등 - 주요행사 : 기업체 현장 채용 면접 - 취업지원 : 이력서&자기소개서 컨설팅, 취업지원기관 상담 - 이 벤 트 : 면접정장 착용체험(청년층), 이력서 사진촬영 등",,,,,2026-07-20,,,,,,,,,,,,,,,,,,,지자체,,,,"일자리 희망자 ※ 졸업예정자, 청년, 여성, 중장년층 퇴직자 등",,,,,,,,,,,
10414,1:1 맞춤형 취업 멘토링 신청,일자리,,,경기도,김포시,경기청년포털(시군),https://youth.gg.go.kr/gg/info/archive-policy-search-map.do?mode=view&arcNo=10414,https://apply.jobaba.net/bsns/bsnsDetailView.do?bsnsSeq=5294,김포시 거주 청년 100명（19~39세） 맞춤형 취업 멘토링 기본 5회 제공,,2026. 3.5.~ 11. 30.(※ 정원 초과 시 조기 마감),,,2026-07-20,,,,,,19,39,,,,,,,,,,,,지자체,,,,김포시 거주 청년 100명（19~39세）,,온라인 신청 바로가기,,,,,,,,,
10366,청년취업면접 올케어사업,일자리,,,경기도,이천시,경기청년포털(시군),https://youth.gg.go.kr/gg/info/archive-policy-search-map.do?mode=view&arcNo=10366,https://apply.jobaba.net/bsns/bsnsDetailView.do?bsnsSeq=5167,"- 이천시에 거주하며 19세 이상 39세 이하인 구직자 - 이천시 고교졸업예정자 및 이천시 소재 대학에 재학 또는 휴학 중인 취업준비생 - 면접정장 대여 - 이력서 사진촬영 - 헤어메이크업 지원 - 취업특강 진행 - 면접컨설팅 제공 (상담, 자소서, 이력서 컨설팅)",,2026. 2.5.~ 12. 11.(예산 소진시 사업종료),,,2026-07-20,,,,,,,,,,,,,,,,,,,지자체,,,,- 이천시에 거주하며 19세 이상 39세 이하인 구직자 - 이천시 고교졸업예정자 및 이천시 소재 대학에 재학 또는 휴학 중인 취업준비생,,온라인 신청 바로가기,,,,,,,,,
10359,일반인 창업 멘토링 프로그램,일자리,,,경기도,이천시,경기청년포털(시군),https://youth.gg.go.kr/gg/info/archive-policy-search-map.do?mode=view&arcNo=10359,,19세∼39세 이하 청년 창업자 또는 예비창업자 (관내.외) / 입주기업 제외 ① 창업 컨설팅 ② 인사 노무 ③ 법률 ④ 세무 ⑤ 투자,,2026. 2.27.~ 상시 (예산 소진시 사업종료),,,2026-07-20,,,,,,19,39,,,,,,,,,,,,지자체,,,,19세∼39세 이하 청년 창업자 또는 예비창업자 (관내.외) / 입주기업 제외,,이메일 접수 | iysc123@ck.ac.kr,,,,,,,,,
10358,이력서사진 무료 촬영 신청자 모집,일자리,,,경기도,양주시,경기청년포털(시군),https://youth.gg.go.kr/gg/info/archive-policy-search-map.do?mode=view&arcNo=10358,,"19~39세인 양주시 거주자로 구직 중인 청년 사진촬영 및 인화, 포토샵 보정 및 정 장합성 지원, 촬영부터 인화까지 원스톱 서비스",,2026. 2.24.~ 11. 30.,,,2026-07-20,,,,,,19,39,,,,,,,,,,,,지자체,,,,19~39세인 양주시 거주자로 구직 중인 청년,,이메일 접수 | mbsr@korea.kr,,,,,,,,,
10352,오정청년공간 청년모임 공간지원 참여팀 모집,교육문화,,,경기도,부천시,경기청년포털(시군),https://youth.gg.go.kr/gg/info/archive-policy-search-map.do?mode=view&arcNo=10352,https://form.naver.com/response/IlJnWJbYltc3aB7Zax5ssA,"부천에서 거주 또는 활동 중인 19~39세 청년으로 구성된 3인 이상의 모임 - 봉사활동, 문화·예술, 자기계발 등 - 모임 대표자 중심 자율 운영 (월 1회 이상 활동 필수)",,2026. 2.23.~ 마감 시 까지,,,2026-07-20,,,,,,19,39,,,,,,,,,,,,지자체,,,,부천에서 거주 또는 활동 중인 19~39세 청년으로 구성된 3인 이상의 모임,,온라인 신청(네이버폼) 바로가기,,,,,,,,,
10333,청년 강의실(사랑방) 무료 대여 지원사업,교육문화,,,경기도,수원시,경기청년포털(시군),https://youth.gg.go.kr/gg/info/archive-policy-search-map.do?mode=view&arcNo=10333,https://naver.me/F75BVZPM,"수원시에 거주하거나 활동 중인 청년(만 19~39세) 비영리 목적의 소규모 모임, 회의, 취미·여가 활동에 한함(정치적, 종교적, 영업적 목적 불가) [대여 공간] 영통종합사회복지관 청명동 1층 사랑방 [대여 시간] 기본 이용 시간: 평일 9:00 ~ 17:00 이외 시간대의 이용은 별도 문의 후 협의하여 결정함 ※ 복지관 내부 일정 및 프로그램 운영에 따라 이용이 제한될 수 있음 [대여 기준] 최소 인원 4명 이상, 최대 12명 가능(책상, 의자, 티비 모니터 연결, 블루투스 스피커 및 마이크, 보드게임 2종 대여 가능) 동일 모임의 연속 이용은 주 1회로 제한 / 사전 예약제 운영(선착순 접수 원칙)",,"2026. 3.2.~ 11. 27. (주말, 공휴일 제외)",,,2026-07-20,,,,,,19,39,,,,,,,,,,,,지자체,,,,"수원시에 거주하거나 활동 중인 청년(만 19~39세) 비영리 목적의 소규모 모임, 회의, 취미·여가 활동에 한함(정치적, 종교적, 영업적 목적 불가)",,온라인 신청(네이버폼 ※사전 예약 필수) 바로가기,,,,,,,,,
10330,청년 단기 숙소 새빛호스텔 입주자 모집,일자리,,,경기도,수원시,경기청년포털(시군),https://youth.gg.go.kr/gg/info/archive-policy-search-map.do?mode=view&arcNo=10330,,"19 ~ 39세 청년 20명 - 1순위: 수원시에 주소지를 둔 중소기업에 근무 중이거나 취업이 확정된 청년 - 2순위: 수원시에 주소지를 둔 중소기업 외 기업 및 기관에 근무중이거나 취업이 확정된 청년 - 3순위: 수원시에 주소지를 둔 대학교(원)에 재학 중이거나 진학이 확정된 청년 - 4순위: 기타(현재 관내 거주 중이나 전ㆍ월세 계약 종료에 따라 임시 거주지가 필요한 자 등 1~3순위에 해당하지 않는 청년의 경우 내부 심사를 통해 선정 예정) * 신청자격 기준 순위별(1순위 우선) 제출된 서류 선착순으로 입주 대상자 선정 수원 전입 희망 청년 단기 숙소 제공, 동행매니저 운영 등",,2026. 2.2.~ 12. 18.(예산 소진시 사업종료),,,2026-07-20,,,,,,19,39,,,,,,,,,,,,지자체,,,,19 ~ 39세 청년 20명 - 1순위: 수원시에 주소지를 둔 중소기업에 근무 중이거나 취업이 확정된 청년 - 2순위: 수원시에 주소지를 둔 중소기업 외 기업 및 기관에 근무중이거나 취업이 확정된 청년 - 3순위: 수원시에 주소지를 둔 대학교(원)에 재학 중이거나 진학이 확정된 청년 - 4순위: 기타(현재 관내 거주 중이나 전ㆍ월세 계약 종료에 따라 임시 거주지가 필요한 자 등 1~3순위에 해당하지 않는 청년의 경우 내부 심사를 통해 선정 예정) * 신청자격 기준 순위별(1순위 우선) 제출된 서류 선착순으로 입주 대상자 선정,,이메일 접수 | suwon11@syf.or.kr 방문 접수 | 수원시 권선구 서호로32(서둔동) 수원유스호스텔,,,,,,,,,
10328,청년 이사비 지원사업 <남양주 청년 Stay-On 프로젝트>,주거,,,경기도,남양주시,경기청년포털(시군),https://youth.gg.go.kr/gg/info/archive-policy-search-map.do?mode=view&arcNo=10328,https://apply.jobaba.net/bsns/bsnsDetailView.do?bsnsSeq=5011,2026. 1. 1. 이후 남양주시로 전입 또는 남양주시 내에서 이사 후 전입신고 완료한 19~39세 무주택 청년 세대주 (450세대) - (소득) 기준 중위소득 120% 이하 - (주택) 거래금액 2억 원 이하 전·월세 거주 - (재산) 청년 본인 및 가구 구성원 모두 무주 이사비 최대 40만 원 한도 내 실비 지원 ※ 생애 1회,,2026. 1.19.~ 12. 31.(예산 소진시 사업종료),,,2026-07-20,,,,,,19,39,,,,,,,,,,,,지자체,,,,2026. 1. 1. 이후 남양주시로 전입 또는 남양주시 내에서 이사 후 전입신고 완료한 19~39세 무주택 청년 세대주 (450세대) - (소득) 기준 중위소득 120% 이하 - (주택) 거래금액 2억 원 이하 전·월세 거주 - (재산) 청년 본인 및 가구 구성원 모두 무주,,온라인 신청 바로가기,,,,,,,,,
10327,청년 부동산 중개수수료 및 이사비 지원사업,주거,,,경기도,안성시,경기청년포털(시군),https://youth.gg.go.kr/gg/info/archive-policy-search-map.do?mode=view&arcNo=10327,https://apply.jobaba.net/bsns/bsnsDetailView.do?bsnsSeq=5105,"안성시 청년(19세~39세) [사업대상] 신청월 기준 최근 6개월 이내(신청월 포함) 안성시로 전입 또는 안성시 관내 이사 후 전입신고를 완료한 19세~39세 이하 청년가구(계약자 기준) [주택기준] 거래금액 2억원 이하(매매, 전․월세 거래금액) [소득기준] 가구원수별 소득합산액이 기준중위소득 170% 이하 가구 [재산기준] 전입 신고일로부터 신청일까지 가구구성원 무주택자(부모제외) ※ 매매는 해당 주택 외 미보유(부모 제외) 최대 50만원 이하 부동산 중개수수료 및 이사비 실비 지원",,2026. 1.26.~ 12. 31.,,,2026-07-20,,,,,,19,39,,,,,,,,,,,,지자체,,,,"안성시 청년(19세~39세) [사업대상] 신청월 기준 최근 6개월 이내(신청월 포함) 안성시로 전입 또는 안성시 관내 이사 후 전입신고를 완료한 19세~39세 이하 청년가구(계약자 기준) [주택기준] 거래금액 2억원 이하(매매, 전․월세 거래금액) [소득기준] 가구원수별 소득합산액이 기준중위소득 170% 이하 가구 [재산기준] 전입 신고일로부터 신청일까지 가구구성원 무주택자(부모제외) ※ 매매는 해당 주택 외 미보유(부모 제외)",,온라인 신청 바로가기,,,,,,,,,
10311,창업희망 여성공동체 상시모집,일자리,,,경기도,부천시,경기청년포털(시군),https://youth.gg.go.kr/gg/info/archive-policy-search-map.do?mode=view&arcNo=10311,http://www.ilwoman.or.kr/,"- 경기도 거주자 (부천시 우대) - 창업을 희망하는 동아리 강사형 (5인 이상), 창업형 (3인 이상) - 창업을 준비하는 예비창업자 - 부천 유통 업체 입점 연계 - 문화센터 강의 연계 - 창업 전시회 참가 지원 - 프리마켓 행사 개최 및 지원 - 교육 및 컨설팅 - 협동조합 설립 지원",,2026. 2.9.~ 인원 마감시까지,,,2026-07-20,,,,,,,,,,,,,,,,,,,지자체,,,,"- 경기도 거주자 (부천시 우대) - 창업을 희망하는 동아리 강사형 (5인 이상), 창업형 (3인 이상) - 창업을 준비하는 예비창업자",,신청서 다운로드 및 작성 후 이메일 제출 | s059279@nate.com 바로가기,,,,,,,,,
10283,2026년 1:1 정책진입상담 쉼표이야기,,,,경기도,평택시,경기청년포털(시군),https://youth.gg.go.kr/gg/info/archive-policy-search-map.do?mode=view&arcNo=10283,https://www.pyeongtaek.go.kr/ptyc/portal/youthSupport/program/view.do?mId=0401000000&idx=319,(19세~39세 이하) 평택시 청년 누구나 (100명) - 정책이야기(수요에 맞춘 맞춤형 청년정책 안내 및 관련 기관 연계) - 마음이야기(심리 개인상담 전문기관 연계를 통한 맞춤형 상담 지원),,2026. 2.9.~ 12. 23. (선착순 모집),,,2026-07-20,,,,,,19,39,,,,,,,,,,,,지자체,,,,(19세~39세 이하) 평택시 청년 누구나 (100명),,온라인 신청 바로가기,,,,,,,,,
10279,[온라인] 2026년 AI 자기소개서 및 면접 솔루션,일자리,,,경기도,화성시,경기청년포털(시군),https://youth.gg.go.kr/gg/info/archive-policy-search-map.do?mode=view&arcNo=10279,https://youthjob.hscity.go.kr/education/edu_view.jsp?private_code=718d0b82-da53-4133-8766-9113146d9061,화성시 내 거주자 또는 활동 중인 청년 (만19세~만39세 250명) 국내 최고 수준의 GPT를 활용한 자기소개서 작성 및 첨삭 / 면접 답변 가이드 제공 / 인적성 대비 툴 제공,,2026. 2.2.~ 12. 31.(사업량 소진시 마감),,,2026-07-20,,,,,,19,39,,,,,,,,,,,,지자체,,,,화성시 내 거주자 또는 활동 중인 청년 (만19세~만39세 250명),,온라인 신청 바로가기,,,,,,,,,
10275,새일여성인턴 모집 안내,일자리,,,경기도,군포시,경기청년포털(시군),https://youth.gg.go.kr/gg/info/archive-policy-search-map.do?mode=view&arcNo=10275,,"인턴참여자(구직자) - 군포새일센터에 구직 등록한 미취업 여성 인턴 3개월 종료 후 정규직으로 전환되어 6개월 근무 시 60만원 지원(1회) 새일여성인턴 근무조건 1. 인턴기간 : 3개월, 주 35시간 이상 근무 2. 급여조건 : 최저임금 ( 시급 10,320원, 주 40시간 근무 시 월 2,156,880원 이상 ) ※ 4대 보험 가입 필수",,2026. 2.11.~ 상시 (예산 소진시 사업종료),,,2026-07-20,,,,,,,,,,,,,,,,,,,지자체,,,,인턴참여자(구직자) - 군포새일센터에 구직 등록한 미취업 여성,,방문신청 및 전화 상담 (031-390-4036),,,,,,,,,
10274,제1‧2‧3회 경기도 지방공무원 경력경쟁임용시험 시행계획 공고,,,,경기도,오산시,경기청년포털(시군),https://youth.gg.go.kr/gg/info/archive-policy-search-map.do?mode=view&arcNo=10274,https://local.gosi.go.kr/klid/main/main.do,"18세 이상(2008.12.31.이전 출생자) ※ 제3회 경력경쟁임용시험(기술계고)에 한하여, 2009년생인 現 고등학교 3학년 재학생도 응시 가능 ※ 각 시험에 필요한 응시 자격요건 확인요망 - 제1회 경력경쟁임용시험(연구사·지도사,9급) - 제2회 경력경쟁임용시험(연구사,7·8·9급) - 제3회 경력경쟁임용시험(기술계고)",,○ 제1회 경력경쟁임용시험 :2026.2.23.(월)09:00~2.25.(수)18:00 ○ 제2회 경력경쟁임용시험 :2026.3.3.(화)09:00~3.5.(목)18:00 ○ 제3회 경력경쟁임용시험 :2026.7.20.(월)09:00~7.24.(금)18:00,,,2026-07-20,,,,,,,,,,,,,,,,,,,지자체,,,,"18세 이상(2008.12.31.이전 출생자) ※ 제3회 경력경쟁임용시험(기술계고)에 한하여, 2009년생인 現 고등학교 3학년 재학생도 응시 가능 ※ 각 시험에 필요한 응시 자격요건 확인요망",,온라인 신청 바로가기,,,,,,,,,
10269,2026년 이천시 청년도전지원사업,일자리,,,경기도,이천시,경기청년포털(시군),https://youth.gg.go.kr/gg/info/archive-policy-search-map.do?mode=view&arcNo=10269,https://www.work24.go.kr/wk/g/b/1100/busiIntro.do,"만 18세 이상 ~ 34세 이하 구직단념청년* 등 ※ 최근 6개월간 취업 및 교육·직업훈련 참여 이력이 없고, 구직단념청년 문답표 확인 결과 21점(30점 만점) 이상인 청년(만 18세 이상~34세 이하) ※ 구직단념청년, 자립준비청년, 청소년복지시설 입·퇴소 청년, 북한이탈청년, 지역특화청년, 가습기살균제 피해청년 [단기] - 밀착상담 - 사례관리 - 자신감 회복 - 진로탐색 - 취업역량강화 프로그램 지원기간: 5주 이상 [중기 / 장기] - 도전 프로그램 내용을 확대 - 참여자의 특성 및 요구에 맞는 외부연계활동 - 프로젝트 기반 자율활동 추가 운영 지원기간: 15주 이상 / 25주 이상",,2026. 2.10.~ 상시,,,2026-07-20,,,,,,,,,,,,,,,,,,,지자체,,,,"만 18세 이상 ~ 34세 이하 구직단념청년* 등 ※ 최근 6개월간 취업 및 교육·직업훈련 참여 이력이 없고, 구직단념청년 문답표 확인 결과 21점(30점 만점) 이상인 청년(만 18세 이상~34세 이하) ※ 구직단념청년, 자립준비청년, 청소년복지시설 입·퇴소 청년, 북한이탈청년, 지역특화청년, 가습기살균제 피해청년",,온라인 신청 바로가기,,,,,,,,,
